-- phpMyAdmin SQL Dump
-- version 5.2.1
-- https://www.phpmyadmin.net/
--
-- Servidor: 127.0.0.1:3306
-- Tiempo de generación: 15-07-2026 a las 17:53:23
-- Versión del servidor: 10.4.32-MariaDB
-- Versión de PHP: 8.2.12

SET SQL_MODE = "NO_AUTO_VALUE_ON_ZERO";
START TRANSACTION;
SET time_zone = "+00:00";


/*!40101 SET @OLD_CHARACTER_SET_CLIENT=@@CHARACTER_SET_CLIENT */;
/*!40101 SET @OLD_CHARACTER_SET_RESULTS=@@CHARACTER_SET_RESULTS */;
/*!40101 SET @OLD_COLLATION_CONNECTION=@@COLLATION_CONNECTION */;
/*!40101 SET NAMES utf8mb4 */;

--
-- Base de datos: `hotel_inventario`
--

-- --------------------------------------------------------

--
-- Estructura de tabla para la tabla `articulos`
--

CREATE TABLE `articulos` (
  `id` int(11) NOT NULL,
  `nombre` varchar(100) DEFAULT NULL,
  `descripcion` text DEFAULT NULL,
  `usa_codigo_barras` tinyint(1) NOT NULL DEFAULT 0
) ENGINE=InnoDB DEFAULT CHARSET=utf8mb4 COLLATE=utf8mb4_general_ci;

--
-- Volcado de datos para la tabla `articulos`
--

INSERT INTO `articulos` (`id`, `nombre`, `descripcion`, `usa_codigo_barras`) VALUES
(1, 'despertador', NULL, 0),
(2, 'capuchas', NULL, 0),
(4, 'silla', 'Sillas medianas, chicas, grandes (el tamaño se especifica en el inventario individual)', 1),
(6, 'ganchos', '', 0),
(7, 'cortinas', '', 0),
(8, 'telefono', NULL, 1),
(9, 'lampara de escritorio', NULL, 1),
(10, 'burro de planchar', NULL, 0),
(11, 'caja de clinex', '', 0),
(12, 'espejo chico', NULL, 0),
(13, 'caja fuerte', NULL, 1),
(20, 'espejo', NULL, 0),
(21, 'secadora', NULL, 0),
(22, 'colchon', NULL, 0),
(23, 'aire acondicionado', NULL, 1),
(29, 'television', '', 1),
(30, 'escritorio', '', 1);

-- --------------------------------------------------------

--
-- Estructura Stand-in para la vista `faltantes_por_habitacion`
-- (Véase abajo para la vista actual)
--
CREATE TABLE `faltantes_por_habitacion` (
`habitacion_id` int(11)
,`numero` varchar(10)
,`tipo` varchar(50)
,`articulo` varchar(100)
,`cantidad_base` int(11)
,`cantidad_actual` decimal(32,0)
,`faltantes` decimal(33,0)
,`estado` enum('bueno','dañado','en_reparacion','perdido')
);

-- --------------------------------------------------------

--
-- Estructura de tabla para la tabla `habitaciones`
--

CREATE TABLE `habitaciones` (
  `id` int(11) NOT NULL,
  `numero` varchar(10) DEFAULT NULL,
  `tipo` varchar(50) DEFAULT NULL,
  `descripcion` text DEFAULT NULL,
  `piso` int(11) DEFAULT NULL,
  `estado` enum('disponible','ocupada','limpieza','mantenimiento','bloqueada') DEFAULT 'disponible'
) ENGINE=InnoDB DEFAULT CHARSET=utf8mb4 COLLATE=utf8mb4_general_ci;

--
-- Volcado de datos para la tabla `habitaciones`
--

INSERT INTO `habitaciones` (`id`, `numero`, `tipo`, `descripcion`, `piso`, `estado`) VALUES
(1, '103', 'doble', '', 1, 'disponible'),
(2, '104', 'doble', NULL, 1, 'disponible'),
(3, '105', 'doble', NULL, 1, 'disponible'),
(4, '106', 'doble', NULL, 1, 'disponible'),
(5, '107', 'doble', NULL, 1, 'disponible'),
(6, '108', 'doble', NULL, 1, 'disponible'),
(7, '109', 'doble', NULL, 1, 'disponible'),
(8, '110', 'doble', NULL, 1, 'disponible'),
(10, '112', 'doble', NULL, 1, 'disponible'),
(11, '114', 'sencilla', NULL, 1, 'disponible'),
(12, '115', 'sencilla', NULL, 1, 'disponible'),
(13, '116', 'superior', '', 1, 'disponible'),
(14, '117', 'sencilla', NULL, 1, 'disponible'),
(15, '118', 'doble', NULL, 1, 'disponible'),
(16, '119', 'doble', NULL, 1, 'disponible'),
(17, '120', 'doble', NULL, 1, 'disponible'),
(18, '121', 'doble', NULL, 1, 'disponible'),
(19, '122', 'doble', NULL, 1, 'disponible'),
(20, '123', 'doble', NULL, 1, 'disponible'),
(21, '124', 'doble', NULL, 1, 'disponible'),
(22, '125', 'doble', NULL, 1, 'disponible'),
(23, '126', 'doble', '', 1, 'disponible'),
(24, '127', 'doble', NULL, 1, 'disponible'),
(26, '201', 'doble', NULL, 2, 'disponible'),
(27, '202', 'doble', NULL, 2, 'disponible'),
(28, '203', 'doble', NULL, 2, 'disponible'),
(29, '204', 'doble', NULL, 2, 'disponible'),
(30, '205', 'doble', NULL, 2, 'disponible'),
(31, '206', 'doble', NULL, 2, 'disponible'),
(32, '207', 'doble', NULL, 2, 'disponible'),
(33, '208', 'doble', NULL, 2, 'disponible'),
(34, '209', 'doble', NULL, 2, 'disponible'),
(35, '210', 'doble', NULL, 2, 'disponible'),
(36, '211', 'sencilla', NULL, 2, 'disponible'),
(37, '212', 'superior', NULL, 2, 'disponible'),
(38, '214', 'superior', NULL, 2, 'disponible'),
(39, '215', 'sencilla', 'Habitacion bloqueada, no disponible', 2, 'bloqueada'),
(40, '216', 'sencilla', NULL, 2, 'disponible'),
(41, '217', 'sencilla', NULL, 2, 'disponible'),
(42, '218', 'doble', NULL, 2, 'disponible'),
(43, '219', 'doble', NULL, 2, 'disponible'),
(44, '220', 'doble', NULL, 2, 'disponible'),
(45, '221', 'doble', NULL, 2, 'disponible'),
(46, '222', 'doble', NULL, 2, 'disponible'),
(47, '223', 'doble', NULL, 2, 'disponible'),
(48, '224', 'doble', NULL, 2, 'disponible'),
(49, '225', 'doble', NULL, 2, 'disponible'),
(50, '226', 'doble', NULL, 2, 'disponible'),
(51, '227', 'doble', NULL, 2, 'disponible'),
(52, '301', 'doble', NULL, 3, 'disponible'),
(53, '302', 'doble', NULL, 3, 'disponible'),
(54, '303', 'doble', NULL, 3, 'disponible'),
(55, '304', 'doble', NULL, 3, 'disponible'),
(56, '305', 'doble', NULL, 3, 'disponible'),
(57, '306', 'doble', NULL, 3, 'disponible'),
(58, '307', 'doble', NULL, 3, 'disponible'),
(59, '308', 'doble', NULL, 3, 'disponible'),
(60, '309', 'doble', NULL, 3, 'disponible'),
(61, '310', 'doble', NULL, 3, 'disponible'),
(62, '311', 'sencilla', NULL, 3, 'disponible'),
(63, '312', 'sencilla', NULL, 3, 'disponible'),
(64, '314', 'superior', NULL, 3, 'disponible'),
(65, '315', 'doble', 'Habitacion bloqueada, no disponible', 3, 'bloqueada'),
(66, '316', 'sencilla', NULL, 3, 'disponible'),
(67, '317', 'sencilla', NULL, 3, 'disponible'),
(68, '318', 'doble', NULL, 3, 'disponible'),
(69, '319', 'doble', NULL, 3, 'disponible'),
(70, '320', 'doble', NULL, 3, 'disponible'),
(71, '321', 'doble', NULL, 3, 'disponible'),
(72, '322', 'doble', NULL, 3, 'disponible'),
(73, '323', 'doble', NULL, 3, 'disponible'),
(74, '324', 'doble', NULL, 3, 'disponible'),
(75, '325', 'doble', NULL, 3, 'disponible'),
(76, '326', 'doble', NULL, 3, 'disponible'),
(77, '327', 'doble', NULL, 3, 'disponible'),
(78, '401', 'doble', NULL, 4, 'disponible'),
(79, '402', 'doble', NULL, 4, 'disponible'),
(80, '403', 'doble', NULL, 4, 'disponible'),
(81, '404', 'doble', NULL, 4, 'disponible'),
(82, '405', 'doble', NULL, 4, 'disponible'),
(83, '406', 'doble', NULL, 4, 'disponible'),
(84, '407', 'doble', NULL, 4, 'disponible'),
(85, '408', 'doble', NULL, 4, 'disponible'),
(86, '409', 'doble', NULL, 4, 'disponible'),
(87, '410', 'doble', NULL, 4, 'disponible'),
(88, '411', 'sencilla', NULL, 4, 'disponible'),
(89, '412', 'sencilla', NULL, 4, 'disponible'),
(90, '414', 'sencilla', NULL, 4, 'disponible'),
(91, '415', 'superior', NULL, 4, 'disponible'),
(92, '416', 'sencilla', NULL, 4, 'disponible'),
(93, '417', 'sencilla', NULL, 4, 'disponible'),
(94, '418', 'doble', NULL, 4, 'disponible'),
(95, '419', 'doble', 'Habitacion bloqueada, no disponible', 4, 'bloqueada'),
(96, '420', 'doble', NULL, 4, 'disponible'),
(97, '421', 'doble', NULL, 4, 'disponible'),
(98, '422', 'doble', NULL, 4, 'disponible'),
(99, '423', 'doble', NULL, 4, 'disponible'),
(100, '424', 'doble', NULL, 4, 'disponible'),
(101, '425', 'doble', NULL, 4, 'disponible'),
(102, '426', 'doble', NULL, 4, 'disponible'),
(103, '427', 'doble', 'Habitacion bloqueada, no disponible', 4, 'bloqueada'),
(104, '111', 'sencilla', '', 1, 'disponible');

-- --------------------------------------------------------

--
-- Estructura de tabla para la tabla `historial_codigos`
--

CREATE TABLE `historial_codigos` (
  `id` int(11) NOT NULL,
  `usuario_id` int(11) NOT NULL,
  `inventario_id` int(11) NOT NULL,
  `fecha_hora` timestamp NOT NULL DEFAULT current_timestamp()
) ENGINE=InnoDB DEFAULT CHARSET=utf8mb4 COLLATE=utf8mb4_general_ci;

--
-- Volcado de datos para la tabla `historial_codigos`
--

INSERT INTO `historial_codigos` (`id`, `usuario_id`, `inventario_id`, `fecha_hora`) VALUES
(1, 22, 316, '2026-05-29 19:01:40'),
(2, 1, 1560, '2026-05-29 19:02:12'),
(3, 22, 968, '2026-05-29 19:05:16'),
(4, 22, 1560, '2026-05-29 19:26:21'),
(5, 2, 1560, '2026-06-01 13:26:57'),
(6, 3, 1560, '2026-06-01 13:35:03'),
(7, 22, 968, '2026-06-02 17:31:15'),
(8, 23, 316, '2026-06-02 20:35:43'),
(9, 22, 316, '2026-06-03 17:12:13'),
(10, 22, 316, '2026-06-11 15:09:18'),
(11, 2, 27, '2026-06-15 16:16:54'),
(13, 22, 1560, '2026-06-18 14:11:59'),
(16, 22, 1560, '2026-06-22 23:06:15'),
(18, 22, 1560, '2026-06-25 15:01:04'),
(19, 22, 1560, '2026-06-25 17:04:46'),
(20, 22, 1560, '2026-06-30 14:12:14'),
(21, 22, 1560, '2026-06-30 14:16:07'),
(22, 22, 27, '2026-07-01 13:53:45'),
(23, 22, 1602, '2026-07-02 14:39:07'),
(24, 22, 316, '2026-07-15 15:28:18'),
(25, 22, 1602, '2026-07-15 15:29:09'),
(26, 22, 27, '2026-07-15 15:29:22'),
(27, 22, 1560, '2026-07-15 15:43:34'),
(28, 22, 1560, '2026-07-15 15:48:58'),
(29, 22, 27, '2026-07-15 15:50:46');

-- --------------------------------------------------------

--
-- Estructura de tabla para la tabla `inventario`
--

CREATE TABLE `inventario` (
  `id` int(11) NOT NULL,
  `habitacion_id` int(11) DEFAULT NULL,
  `articulo_id` int(11) DEFAULT NULL,
  `cantidad` int(11) DEFAULT 0,
  `estado` enum('bueno','dañado','en_reparacion','perdido') DEFAULT 'bueno',
  `comentarios` text DEFAULT NULL,
  `codigo_barras` varchar(50) DEFAULT NULL
) ENGINE=InnoDB DEFAULT CHARSET=utf8mb4 COLLATE=utf8mb4_general_ci;

--
-- Volcado de datos para la tabla `inventario`
--

INSERT INTO `inventario` (`id`, `habitacion_id`, `articulo_id`, `cantidad`, `estado`, `comentarios`, `codigo_barras`) VALUES
(2, 1, 8, 1, 'bueno', '', 'HH-H103-EL-002'),
(3, 1, 9, 1, 'bueno', '', 'HH-H103-D-001'),
(4, 1, 12, 1, 'bueno', NULL, NULL),
(5, 1, 13, 1, 'bueno', '', 'HH-H103-EL-003'),
(6, 2, 2, 2, 'dañado', NULL, NULL),
(7, 2, 4, 1, 'bueno', 'Silla chica', 'HH-H104-M-002'),
(8, 2, 7, 2, 'bueno', NULL, NULL),
(9, 2, 8, 1, 'bueno', NULL, 'HH-H104-EL-002'),
(10, 2, 9, 1, 'bueno', NULL, 'HH-H104-D-001'),
(11, 2, 12, 1, 'bueno', NULL, NULL),
(12, 2, 13, 1, 'bueno', NULL, 'HH-H104-EL-003'),
(13, 3, 2, 2, 'dañado', NULL, NULL),
(14, 3, 4, 1, 'bueno', 'Silla mediana', 'HH-H105-M-002'),
(15, 3, 7, 2, 'bueno', NULL, NULL),
(16, 3, 8, 1, 'bueno', NULL, 'HH-H105-EL-002'),
(17, 3, 9, 1, 'bueno', NULL, 'HH-H105-D-001'),
(18, 3, 12, 1, 'bueno', NULL, NULL),
(19, 3, 13, 1, 'bueno', NULL, 'HH-H105-EL-003'),
(20, 4, 1, 1, 'bueno', NULL, NULL),
(21, 4, 2, 2, 'dañado', NULL, NULL),
(22, 4, 4, 1, 'bueno', 'Silla grande', 'HH-H106-M-002'),
(23, 4, 7, 2, 'bueno', NULL, NULL),
(24, 4, 8, 1, 'bueno', NULL, 'HH-H106-EL-002'),
(25, 4, 9, 1, 'bueno', NULL, 'HH-H106-D-001'),
(26, 4, 12, 1, 'bueno', NULL, NULL),
(27, 4, 13, 1, 'bueno', NULL, 'HH-H106-EL-003'),
(28, 5, 4, 1, 'bueno', 'Silla mediana', 'HH-H107-M-002'),
(29, 5, 7, 2, 'bueno', NULL, NULL),
(30, 5, 8, 1, 'bueno', NULL, 'HH-H107-EL-002'),
(31, 5, 9, 1, 'dañado', NULL, 'HH-H107-D-001'),
(32, 5, 12, 1, 'bueno', NULL, NULL),
(33, 5, 13, 1, 'bueno', NULL, 'HH-H107-EL-003'),
(34, 6, 2, 2, 'dañado', NULL, NULL),
(35, 6, 4, 1, 'bueno', 'Silla grande', 'HH-H108-M-002'),
(36, 6, 6, 1, 'bueno', 'Ganchos de diferentes tipos', NULL),
(37, 6, 7, 2, 'bueno', NULL, NULL),
(38, 6, 8, 1, 'bueno', NULL, 'HH-H108-EL-002'),
(39, 6, 9, 1, 'bueno', NULL, 'HH-H108-D-001'),
(40, 6, 12, 1, 'bueno', '', NULL),
(41, 6, 13, 1, 'bueno', NULL, 'HH-H108-EL-003'),
(42, 7, 1, 1, 'bueno', NULL, NULL),
(43, 7, 2, 2, 'dañado', '', NULL),
(44, 7, 4, 1, 'bueno', 'Silla mediana', 'HH-H109-M-002'),
(45, 7, 6, 1, 'bueno', 'Ganchos de diferentes tipos', NULL),
(46, 7, 7, 2, 'bueno', NULL, NULL),
(47, 7, 8, 1, 'bueno', NULL, 'HH-H109-EL-002'),
(48, 7, 9, 1, 'bueno', NULL, 'HH-H109-D-001'),
(49, 7, 11, 1, 'bueno', NULL, NULL),
(50, 7, 12, 1, 'bueno', NULL, NULL),
(51, 7, 13, 1, 'bueno', NULL, 'HH-H109-EL-003'),
(52, 8, 1, 1, 'bueno', NULL, NULL),
(53, 8, 2, 2, 'dañado', NULL, NULL),
(54, 8, 4, 1, 'bueno', 'Silla mediana', 'HH-H110-M-002'),
(55, 8, 7, 2, 'bueno', NULL, NULL),
(56, 8, 8, 1, 'bueno', NULL, 'HH-H110-EL-002'),
(57, 8, 9, 1, 'bueno', NULL, 'HH-H110-D-001'),
(58, 8, 12, 1, 'bueno', NULL, NULL),
(59, 8, 13, 1, 'bueno', NULL, 'HH-H110-EL-003'),
(67, 10, 2, 2, 'bueno', NULL, NULL),
(68, 10, 4, 1, 'bueno', 'Silla mediana', 'HH-H112-M-002'),
(69, 10, 7, 2, 'bueno', NULL, NULL),
(70, 10, 8, 1, 'bueno', NULL, 'HH-H112-EL-002'),
(71, 10, 10, 1, 'bueno', NULL, NULL),
(72, 10, 11, 1, 'bueno', NULL, NULL),
(73, 10, 12, 1, 'bueno', NULL, NULL),
(74, 10, 13, 1, 'bueno', NULL, 'HH-H112-EL-003'),
(105, 15, 2, 2, 'dañado', '', NULL),
(106, 15, 4, 1, 'bueno', 'Silla mediana', 'HH-H118-M-002'),
(107, 15, 6, 1, 'bueno', 'Ganchos de diferentes tipos', NULL),
(108, 15, 7, 2, 'bueno', '', NULL),
(109, 15, 8, 1, 'bueno', NULL, 'HH-H118-EL-002'),
(110, 15, 12, 1, 'bueno', NULL, NULL),
(111, 15, 13, 1, 'bueno', NULL, 'HH-H118-EL-003'),
(112, 16, 2, 2, 'bueno', NULL, NULL),
(113, 16, 4, 1, 'bueno', 'Silla mediana', 'HH-H119-M-002'),
(114, 16, 7, 2, 'bueno', NULL, NULL),
(115, 16, 8, 1, 'bueno', NULL, 'HH-H119-EL-002'),
(116, 16, 10, 1, 'bueno', NULL, NULL),
(117, 16, 12, 1, 'bueno', NULL, NULL),
(118, 16, 13, 1, 'bueno', NULL, 'HH-H119-EL-003'),
(119, 17, 2, 2, 'bueno', NULL, NULL),
(120, 17, 4, 1, 'bueno', 'Silla mediana', 'HH-H120-M-002'),
(121, 17, 7, 2, 'bueno', NULL, NULL),
(122, 17, 8, 1, 'bueno', NULL, 'HH-H120-EL-002'),
(123, 17, 12, 1, 'bueno', NULL, NULL),
(124, 17, 13, 1, 'bueno', NULL, 'HH-H120-EL-003'),
(132, 19, 2, 2, 'dañado', NULL, NULL),
(133, 19, 4, 1, 'bueno', 'Silla grande', 'HH-H122-M-002'),
(134, 19, 7, 2, 'bueno', NULL, NULL),
(135, 19, 8, 1, 'bueno', NULL, 'HH-H122-EL-002'),
(136, 19, 12, 1, 'bueno', NULL, NULL),
(137, 19, 13, 1, 'bueno', NULL, 'HH-H122-EL-003'),
(172, 20, 2, 2, 'dañado', NULL, NULL),
(173, 20, 4, 1, 'bueno', 'Silla mediana', 'HH-H123-M-002'),
(174, 20, 6, 1, 'bueno', 'Ganchos de diferentes tipos', NULL),
(175, 20, 7, 2, 'bueno', NULL, NULL),
(176, 20, 8, 1, 'bueno', NULL, 'HH-H123-EL-002'),
(177, 20, 12, 1, 'bueno', NULL, NULL),
(178, 20, 13, 1, 'bueno', NULL, 'HH-H123-EL-003'),
(179, 21, 2, 2, 'bueno', NULL, NULL),
(180, 21, 4, 1, 'bueno', 'Silla mediana', 'HH-H124-M-002'),
(181, 21, 7, 2, 'bueno', NULL, NULL),
(182, 21, 8, 1, 'bueno', NULL, 'HH-H124-EL-002'),
(183, 21, 10, 1, 'bueno', NULL, NULL),
(184, 21, 12, 1, 'bueno', NULL, NULL),
(185, 21, 13, 1, 'bueno', NULL, 'HH-H124-EL-003'),
(186, 22, 2, 2, 'bueno', NULL, NULL),
(187, 22, 4, 1, 'bueno', 'Silla mediana', 'HH-H125-M-002'),
(188, 22, 7, 2, 'bueno', NULL, NULL),
(189, 22, 8, 1, 'bueno', NULL, 'HH-H125-EL-002'),
(190, 22, 12, 1, 'bueno', NULL, NULL),
(191, 22, 13, 1, 'bueno', NULL, 'HH-H125-EL-003'),
(192, 23, 2, 2, 'dañado', NULL, NULL),
(193, 23, 4, 1, 'bueno', 'Silla mediana', 'HH-H126-M-002'),
(194, 23, 6, 1, 'bueno', 'Ganchos de diferentes tipos', NULL),
(195, 23, 7, 2, 'bueno', NULL, NULL),
(196, 23, 8, 1, 'bueno', NULL, 'HH-H126-EL-002'),
(197, 23, 12, 1, 'bueno', NULL, NULL),
(198, 23, 13, 1, 'bueno', NULL, 'HH-H126-EL-003'),
(199, 24, 2, 2, 'dañado', NULL, NULL),
(200, 24, 4, 1, 'bueno', 'Silla grande', 'HH-H127-M-002'),
(201, 24, 7, 2, 'bueno', NULL, NULL),
(202, 24, 8, 1, 'bueno', NULL, 'HH-H127-EL-002'),
(203, 24, 12, 1, 'bueno', NULL, NULL),
(204, 24, 13, 1, 'bueno', NULL, 'HH-H127-EL-003'),
(209, 1, 20, 1, 'bueno', NULL, NULL),
(210, 2, 20, 1, 'bueno', NULL, NULL),
(211, 3, 20, 1, 'bueno', NULL, NULL),
(212, 4, 20, 1, 'bueno', NULL, NULL),
(213, 5, 20, 1, 'bueno', NULL, NULL),
(214, 6, 20, 1, 'bueno', NULL, NULL),
(215, 7, 20, 1, 'bueno', NULL, NULL),
(216, 8, 20, 1, 'bueno', NULL, NULL),
(217, 10, 20, 1, 'bueno', NULL, NULL),
(218, 15, 20, 1, 'bueno', NULL, NULL),
(219, 16, 20, 1, 'bueno', NULL, NULL),
(220, 17, 20, 1, 'bueno', NULL, NULL),
(222, 19, 20, 1, 'bueno', NULL, NULL),
(223, 20, 20, 1, 'bueno', NULL, NULL),
(224, 21, 20, 1, 'bueno', NULL, NULL),
(225, 22, 20, 1, 'bueno', NULL, NULL),
(226, 23, 20, 1, 'bueno', NULL, NULL),
(227, 24, 20, 1, 'bueno', NULL, NULL),
(316, 1, 4, 1, 'bueno', 'Silla mediana', 'HH-H103-M-002'),
(344, 26, 2, 2, 'dañado', NULL, NULL),
(345, 26, 4, 1, 'bueno', 'Silla mediana', 'HH-H201-M-002'),
(346, 26, 7, 2, 'bueno', NULL, NULL),
(347, 26, 8, 1, 'bueno', NULL, 'HH-H201-EL-002'),
(348, 26, 12, 1, 'bueno', NULL, NULL),
(349, 26, 13, 1, 'bueno', NULL, 'HH-H201-EL-003'),
(428, 27, 2, 2, 'bueno', NULL, NULL),
(429, 27, 4, 1, 'bueno', 'Silla mediana', 'HH-H202-M-002'),
(430, 27, 6, 1, 'bueno', NULL, NULL),
(431, 27, 7, 2, 'bueno', NULL, NULL),
(432, 27, 8, 1, 'bueno', NULL, 'HH-H202-EL-002'),
(433, 27, 9, 1, 'bueno', NULL, 'HH-H202-D-001'),
(434, 27, 12, 1, 'bueno', NULL, NULL),
(435, 27, 20, 1, 'bueno', NULL, NULL),
(436, 28, 2, 2, 'dañado', NULL, NULL),
(437, 28, 4, 1, 'bueno', 'Silla mediana', 'HH-H203-M-002'),
(438, 28, 6, 1, 'bueno', NULL, NULL),
(439, 28, 7, 2, 'bueno', NULL, NULL),
(440, 28, 8, 1, 'bueno', NULL, 'HH-H203-EL-002'),
(441, 28, 12, 1, 'bueno', NULL, NULL),
(442, 28, 13, 1, 'bueno', NULL, 'HH-H203-EL-003'),
(443, 28, 20, 1, 'bueno', NULL, NULL),
(444, 29, 2, 2, 'bueno', NULL, NULL),
(445, 29, 4, 1, 'bueno', 'Silla mediana', 'HH-H204-M-002'),
(446, 29, 6, 1, 'bueno', NULL, NULL),
(447, 29, 7, 2, 'bueno', NULL, NULL),
(448, 29, 8, 1, 'bueno', NULL, 'HH-H204-EL-002'),
(449, 29, 11, 1, 'bueno', NULL, NULL),
(450, 29, 12, 1, 'bueno', NULL, NULL),
(451, 29, 13, 1, 'bueno', NULL, 'HH-H204-EL-003'),
(452, 29, 20, 1, 'bueno', NULL, NULL),
(453, 30, 2, 2, 'dañado', NULL, NULL),
(454, 30, 4, 1, 'bueno', 'Silla mediana', 'HH-H205-M-002'),
(455, 30, 7, 2, 'bueno', NULL, NULL),
(456, 30, 8, 1, 'bueno', NULL, 'HH-H205-EL-002'),
(457, 30, 12, 1, 'bueno', NULL, NULL),
(458, 30, 13, 1, 'bueno', NULL, 'HH-H205-EL-003'),
(459, 30, 20, 1, 'bueno', NULL, NULL),
(460, 31, 2, 2, 'bueno', NULL, NULL),
(461, 31, 4, 1, 'bueno', 'Silla grande', 'HH-H206-M-002'),
(462, 31, 7, 2, 'bueno', NULL, NULL),
(463, 31, 8, 1, 'bueno', NULL, 'HH-H206-EL-002'),
(464, 31, 12, 1, 'bueno', NULL, NULL),
(465, 31, 13, 1, 'bueno', NULL, 'HH-H206-EL-003'),
(466, 31, 20, 1, 'bueno', NULL, NULL),
(467, 32, 2, 2, 'dañado', NULL, NULL),
(468, 32, 4, 1, 'bueno', 'Silla mediana', 'HH-H207-M-002'),
(469, 32, 7, 2, 'bueno', NULL, NULL),
(470, 32, 8, 1, 'bueno', NULL, 'HH-H207-EL-002'),
(471, 32, 11, 1, 'bueno', NULL, NULL),
(472, 32, 12, 1, 'bueno', NULL, NULL),
(473, 32, 13, 1, 'bueno', NULL, 'HH-H207-EL-003'),
(474, 32, 20, 1, 'bueno', NULL, NULL),
(475, 33, 2, 2, 'dañado', NULL, NULL),
(476, 33, 4, 1, 'bueno', 'Silla mediana', 'HH-H208-M-002'),
(477, 33, 7, 2, 'bueno', NULL, NULL),
(478, 33, 8, 1, 'bueno', NULL, 'HH-H208-EL-002'),
(479, 33, 9, 1, 'bueno', NULL, 'HH-H208-D-001'),
(480, 33, 12, 1, 'bueno', NULL, NULL),
(481, 33, 13, 1, 'bueno', NULL, 'HH-H208-EL-003'),
(482, 33, 20, 1, 'bueno', NULL, NULL),
(483, 34, 2, 2, 'dañado', NULL, NULL),
(484, 34, 6, 1, 'bueno', NULL, NULL),
(485, 34, 7, 2, 'bueno', NULL, NULL),
(486, 34, 8, 1, 'bueno', NULL, 'HH-H209-EL-002'),
(487, 34, 12, 1, 'bueno', NULL, NULL),
(488, 34, 13, 1, 'bueno', NULL, 'HH-H209-EL-003'),
(489, 34, 20, 1, 'bueno', NULL, NULL),
(490, 35, 1, 1, 'bueno', NULL, NULL),
(491, 35, 2, 2, 'dañado', NULL, NULL),
(492, 35, 4, 1, 'bueno', 'Silla mediana', 'HH-H210-M-002'),
(493, 35, 7, 2, 'bueno', NULL, NULL),
(494, 35, 8, 1, 'bueno', NULL, 'HH-H210-EL-002'),
(495, 35, 11, 1, 'bueno', NULL, NULL),
(496, 35, 12, 1, 'bueno', NULL, NULL),
(497, 35, 13, 1, 'bueno', NULL, 'HH-H210-EL-003'),
(498, 35, 20, 1, 'dañado', NULL, NULL),
(499, 42, 2, 2, 'dañado', NULL, NULL),
(500, 42, 4, 1, 'bueno', 'Silla grande', 'HH-H218-M-002'),
(501, 42, 7, 2, 'bueno', NULL, NULL),
(502, 42, 8, 1, 'bueno', NULL, 'HH-H218-EL-002'),
(503, 42, 12, 1, 'bueno', NULL, NULL),
(504, 42, 13, 1, 'bueno', NULL, 'HH-H218-EL-003'),
(505, 42, 20, 1, 'bueno', NULL, NULL),
(506, 43, 2, 2, 'dañado', NULL, NULL),
(507, 43, 4, 1, 'bueno', 'Silla mediana', 'HH-H219-M-002'),
(508, 43, 7, 2, 'bueno', NULL, NULL),
(509, 43, 8, 1, 'bueno', NULL, 'HH-H219-EL-002'),
(510, 43, 12, 1, 'bueno', NULL, NULL),
(511, 43, 13, 1, 'bueno', NULL, 'HH-H219-EL-003'),
(512, 43, 20, 1, 'bueno', NULL, NULL),
(513, 44, 2, 2, 'bueno', NULL, NULL),
(514, 44, 4, 1, 'bueno', 'Silla mediana', 'HH-H220-M-002'),
(515, 44, 7, 2, 'bueno', NULL, NULL),
(516, 44, 8, 1, 'bueno', NULL, 'HH-H220-EL-002'),
(517, 44, 12, 1, 'bueno', NULL, NULL),
(518, 44, 13, 1, 'bueno', NULL, 'HH-H220-EL-003'),
(519, 44, 20, 1, 'bueno', NULL, NULL),
(520, 45, 1, 1, 'bueno', NULL, NULL),
(521, 45, 2, 2, 'dañado', NULL, NULL),
(522, 45, 4, 1, 'bueno', 'Silla mediana', 'HH-H221-M-002'),
(523, 45, 7, 2, 'bueno', NULL, NULL),
(524, 45, 8, 1, 'bueno', NULL, 'HH-H221-EL-002'),
(525, 45, 11, 1, 'bueno', NULL, NULL),
(526, 45, 12, 1, 'bueno', NULL, NULL),
(527, 45, 13, 1, 'bueno', NULL, 'HH-H221-EL-003'),
(528, 45, 20, 1, 'bueno', NULL, NULL),
(529, 46, 2, 2, 'bueno', NULL, NULL),
(530, 46, 4, 1, 'bueno', 'Silla mediana', 'HH-H222-M-002'),
(531, 46, 7, 2, 'bueno', NULL, NULL),
(532, 46, 8, 1, 'bueno', NULL, 'HH-H222-EL-002'),
(533, 46, 12, 1, 'bueno', NULL, NULL),
(534, 46, 13, 1, 'bueno', NULL, 'HH-H222-EL-003'),
(535, 46, 20, 1, 'bueno', NULL, NULL),
(536, 47, 2, 2, 'bueno', NULL, NULL),
(537, 47, 4, 1, 'bueno', 'Silla mediana', 'HH-H223-M-002'),
(538, 47, 7, 2, 'bueno', NULL, NULL),
(539, 47, 12, 1, 'bueno', NULL, NULL),
(540, 47, 13, 1, 'bueno', NULL, 'HH-H223-EL-003'),
(541, 47, 20, 1, 'bueno', NULL, NULL),
(542, 48, 2, 2, 'dañado', NULL, NULL),
(543, 48, 4, 1, 'bueno', 'Silla grande', 'HH-H224-M-002'),
(544, 48, 6, 1, 'bueno', NULL, NULL),
(545, 48, 7, 2, 'bueno', NULL, NULL),
(546, 48, 8, 1, 'bueno', NULL, 'HH-H224-EL-002'),
(547, 48, 12, 1, 'bueno', NULL, NULL),
(548, 48, 13, 1, 'bueno', NULL, 'HH-H224-EL-003'),
(549, 48, 20, 1, 'bueno', NULL, NULL),
(550, 49, 2, 2, 'bueno', NULL, NULL),
(551, 49, 4, 1, 'bueno', 'Silla mediana', 'HH-H225-M-002'),
(552, 49, 7, 2, 'bueno', NULL, NULL),
(553, 49, 8, 1, 'bueno', NULL, 'HH-H225-EL-002'),
(554, 49, 12, 1, 'bueno', NULL, NULL),
(555, 49, 13, 1, 'bueno', NULL, 'HH-H225-EL-003'),
(556, 49, 20, 1, 'bueno', NULL, NULL),
(557, 50, 2, 2, 'bueno', NULL, NULL),
(558, 50, 4, 1, 'bueno', 'Silla mediana', 'HH-H226-M-002'),
(559, 50, 6, 1, 'bueno', NULL, NULL),
(560, 50, 7, 2, 'bueno', NULL, NULL),
(561, 50, 8, 1, 'bueno', NULL, 'HH-H226-EL-002'),
(562, 50, 12, 1, 'bueno', NULL, NULL),
(563, 50, 13, 1, 'bueno', NULL, 'HH-H226-EL-003'),
(564, 50, 20, 1, 'bueno', NULL, NULL),
(565, 51, 2, 2, 'dañado', NULL, NULL),
(566, 51, 4, 1, 'bueno', 'Silla chica', 'HH-H227-M-002'),
(567, 51, 6, 1, 'bueno', NULL, NULL),
(568, 51, 7, 2, 'bueno', NULL, NULL),
(569, 51, 8, 1, 'bueno', NULL, 'HH-H227-EL-002'),
(570, 51, 12, 1, 'bueno', NULL, NULL),
(571, 51, 13, 1, 'bueno', NULL, 'HH-H227-EL-003'),
(572, 51, 20, 1, 'bueno', NULL, NULL),
(690, 52, 2, 2, 'dañado', NULL, NULL),
(691, 52, 4, 1, 'bueno', 'Silla chica', 'HH-H301-M-002'),
(692, 52, 7, 2, 'bueno', NULL, NULL),
(693, 52, 8, 1, 'bueno', NULL, 'HH-H301-EL-002'),
(694, 52, 12, 1, 'bueno', NULL, NULL),
(695, 52, 13, 1, 'bueno', NULL, 'HH-H301-EL-003'),
(696, 53, 2, 2, 'bueno', NULL, NULL),
(697, 53, 4, 1, 'bueno', 'Silla mediana', 'HH-H302-M-002'),
(698, 53, 6, 1, 'bueno', NULL, NULL),
(699, 53, 7, 2, 'bueno', NULL, NULL),
(700, 53, 8, 1, 'bueno', NULL, 'HH-H302-EL-002'),
(701, 53, 12, 1, 'bueno', NULL, NULL),
(702, 53, 13, 1, 'bueno', NULL, 'HH-H302-EL-003'),
(703, 53, 20, 1, 'bueno', NULL, NULL),
(704, 54, 1, 1, 'bueno', NULL, NULL),
(705, 54, 2, 2, 'bueno', NULL, NULL),
(706, 54, 4, 1, 'bueno', 'Silla mediana', 'HH-H303-M-002'),
(707, 54, 6, 1, 'bueno', NULL, NULL),
(708, 54, 7, 2, 'bueno', NULL, NULL),
(709, 54, 8, 1, 'bueno', NULL, 'HH-H303-EL-002'),
(710, 54, 12, 1, 'bueno', NULL, NULL),
(711, 54, 13, 1, 'bueno', NULL, 'HH-H303-EL-003'),
(712, 54, 20, 1, 'bueno', NULL, NULL),
(713, 55, 2, 2, 'dañado', NULL, NULL),
(714, 55, 4, 1, 'bueno', 'Silla chica', 'HH-H304-M-002'),
(715, 55, 7, 2, 'bueno', NULL, NULL),
(716, 55, 8, 1, 'bueno', NULL, 'HH-H304-EL-002'),
(717, 55, 11, 1, 'bueno', NULL, NULL),
(718, 55, 12, 1, 'bueno', NULL, NULL),
(719, 55, 13, 1, 'bueno', NULL, 'HH-H304-EL-003'),
(720, 55, 20, 1, 'dañado', NULL, NULL),
(721, 56, 2, 2, 'dañado', NULL, NULL),
(722, 56, 4, 1, 'bueno', 'Silla mediana', 'HH-H305-M-002'),
(723, 56, 6, 1, 'bueno', NULL, NULL),
(724, 56, 7, 2, 'bueno', NULL, NULL),
(725, 56, 8, 1, 'bueno', NULL, 'HH-H305-EL-002'),
(726, 56, 12, 1, 'bueno', NULL, NULL),
(727, 56, 13, 1, 'bueno', NULL, 'HH-H305-EL-003'),
(728, 56, 20, 1, 'dañado', NULL, NULL),
(729, 57, 2, 2, 'bueno', NULL, NULL),
(730, 57, 4, 1, 'bueno', 'Silla mediana', 'HH-H306-M-002'),
(731, 57, 7, 2, 'bueno', NULL, NULL),
(732, 57, 8, 1, 'bueno', NULL, 'HH-H306-EL-002'),
(733, 57, 13, 1, 'bueno', NULL, 'HH-H306-EL-003'),
(734, 57, 20, 1, 'bueno', NULL, NULL),
(735, 58, 2, 2, 'bueno', NULL, NULL),
(736, 58, 4, 1, 'bueno', 'Silla mediana', 'HH-H307-M-002'),
(737, 58, 6, 1, 'bueno', NULL, NULL),
(738, 58, 7, 2, 'bueno', NULL, NULL),
(739, 58, 8, 1, 'bueno', NULL, 'HH-H307-EL-002'),
(740, 58, 11, 1, 'bueno', NULL, NULL),
(741, 58, 12, 1, 'bueno', NULL, NULL),
(742, 58, 13, 1, 'bueno', NULL, 'HH-H307-EL-003'),
(743, 58, 20, 1, 'bueno', NULL, NULL),
(744, 59, 2, 2, 'bueno', NULL, NULL),
(745, 59, 4, 1, 'bueno', 'Silla mediana', 'HH-H308-M-002'),
(746, 59, 6, 1, 'bueno', NULL, NULL),
(747, 59, 7, 2, 'bueno', NULL, NULL),
(748, 59, 8, 1, 'bueno', NULL, 'HH-H308-EL-002'),
(749, 59, 11, 1, 'bueno', NULL, NULL),
(750, 59, 12, 1, 'bueno', NULL, NULL),
(751, 59, 13, 1, 'bueno', NULL, 'HH-H308-EL-003'),
(752, 59, 20, 1, 'bueno', NULL, NULL),
(753, 60, 2, 2, 'bueno', NULL, NULL),
(754, 60, 4, 1, 'bueno', 'Silla chica', 'HH-H309-M-002'),
(755, 60, 6, 1, 'bueno', NULL, NULL),
(756, 60, 7, 2, 'bueno', NULL, NULL),
(757, 60, 8, 1, 'bueno', NULL, 'HH-H309-EL-002'),
(758, 60, 11, 1, 'bueno', NULL, NULL),
(759, 60, 12, 1, 'bueno', NULL, NULL),
(760, 60, 13, 1, 'bueno', NULL, 'HH-H309-EL-003'),
(761, 60, 20, 1, 'dañado', NULL, NULL),
(762, 61, 2, 2, 'bueno', NULL, NULL),
(763, 61, 4, 1, 'bueno', 'Silla chica', 'HH-H310-M-002'),
(764, 61, 6, 1, 'bueno', NULL, NULL),
(765, 61, 7, 2, 'bueno', NULL, NULL),
(766, 61, 8, 1, 'bueno', NULL, 'HH-H310-EL-002'),
(767, 61, 12, 1, 'bueno', NULL, NULL),
(768, 61, 13, 1, 'bueno', NULL, 'HH-H310-EL-003'),
(769, 61, 20, 1, 'dañado', NULL, NULL),
(770, 68, 2, 2, 'bueno', NULL, NULL),
(771, 68, 4, 1, 'bueno', 'Silla mediana', 'HH-H318-M-002'),
(772, 68, 6, 1, 'bueno', NULL, NULL),
(773, 68, 7, 2, 'bueno', NULL, NULL),
(774, 68, 8, 1, 'bueno', NULL, 'HH-H318-EL-002'),
(775, 68, 12, 1, 'bueno', NULL, NULL),
(776, 68, 13, 1, 'bueno', NULL, 'HH-H318-EL-003'),
(777, 68, 20, 1, 'bueno', NULL, NULL),
(778, 69, 2, 2, 'bueno', NULL, NULL),
(779, 69, 4, 1, 'bueno', 'Silla mediana', 'HH-H319-M-002'),
(780, 69, 7, 2, 'bueno', NULL, NULL),
(781, 69, 8, 1, 'bueno', NULL, 'HH-H319-EL-002'),
(782, 69, 11, 1, 'bueno', NULL, NULL),
(783, 69, 12, 1, 'bueno', NULL, NULL),
(784, 69, 13, 1, 'bueno', NULL, 'HH-H319-EL-003'),
(785, 69, 20, 1, 'bueno', NULL, NULL),
(786, 70, 2, 2, 'bueno', NULL, NULL),
(787, 70, 4, 1, 'bueno', 'Silla chica', 'HH-H320-M-002'),
(788, 70, 6, 1, 'bueno', NULL, NULL),
(789, 70, 7, 2, 'bueno', NULL, NULL),
(790, 70, 8, 1, 'bueno', NULL, 'HH-H320-EL-002'),
(791, 70, 12, 1, 'bueno', NULL, NULL),
(792, 70, 13, 1, 'bueno', NULL, 'HH-H320-EL-003'),
(793, 70, 20, 1, 'bueno', NULL, NULL),
(794, 71, 2, 2, 'bueno', NULL, NULL),
(795, 71, 4, 1, 'bueno', 'Silla mediana', 'HH-H321-M-002'),
(796, 71, 7, 2, 'bueno', NULL, NULL),
(797, 71, 8, 1, 'bueno', NULL, 'HH-H321-EL-002'),
(798, 71, 11, 1, 'bueno', NULL, NULL),
(799, 71, 12, 1, 'bueno', NULL, NULL),
(800, 71, 13, 1, 'bueno', NULL, 'HH-H321-EL-003'),
(801, 71, 20, 1, 'bueno', NULL, NULL),
(802, 72, 2, 2, 'dañado', NULL, NULL),
(803, 72, 4, 1, 'bueno', 'Silla mediana', 'HH-H322-M-002'),
(804, 72, 6, 1, 'bueno', NULL, NULL),
(805, 72, 7, 2, 'bueno', NULL, NULL),
(806, 72, 8, 1, 'bueno', NULL, 'HH-H322-EL-002'),
(807, 72, 12, 1, 'bueno', NULL, NULL),
(808, 72, 13, 1, 'bueno', NULL, 'HH-H322-EL-003'),
(809, 72, 20, 1, 'bueno', NULL, NULL),
(810, 73, 2, 2, 'bueno', NULL, NULL),
(811, 73, 4, 1, 'bueno', 'Silla mediana', 'HH-H323-M-002'),
(812, 73, 6, 1, 'bueno', NULL, NULL),
(813, 73, 7, 2, 'bueno', NULL, NULL),
(814, 73, 8, 1, 'bueno', NULL, 'HH-H323-EL-002'),
(815, 73, 12, 1, 'bueno', NULL, NULL),
(816, 73, 13, 1, 'bueno', NULL, 'HH-H323-EL-003'),
(817, 73, 20, 1, 'bueno', NULL, NULL),
(818, 74, 2, 2, 'dañado', NULL, NULL),
(819, 74, 4, 1, 'bueno', 'Silla mediana', 'HH-H324-M-002'),
(820, 74, 7, 2, 'bueno', NULL, NULL),
(821, 74, 8, 1, 'bueno', NULL, 'HH-H324-EL-002'),
(822, 74, 12, 1, 'bueno', NULL, NULL),
(823, 74, 13, 1, 'bueno', NULL, 'HH-H324-EL-003'),
(824, 74, 20, 1, 'dañado', NULL, NULL),
(825, 75, 2, 2, 'bueno', NULL, NULL),
(826, 75, 4, 1, 'bueno', 'Silla mediana', 'HH-H325-M-002'),
(827, 75, 7, 2, 'bueno', NULL, NULL),
(828, 75, 8, 1, 'bueno', NULL, 'HH-H325-EL-002'),
(829, 75, 12, 1, 'bueno', NULL, NULL),
(830, 75, 13, 1, 'bueno', NULL, 'HH-H325-EL-003'),
(831, 75, 20, 1, 'bueno', NULL, NULL),
(832, 76, 2, 2, 'bueno', NULL, NULL),
(833, 76, 4, 1, 'bueno', 'Silla chica', 'HH-H326-M-002'),
(834, 76, 6, 1, 'bueno', NULL, NULL),
(835, 76, 7, 2, 'bueno', NULL, NULL),
(836, 76, 8, 1, 'bueno', NULL, 'HH-H326-EL-002'),
(837, 76, 12, 1, 'bueno', NULL, NULL),
(838, 76, 13, 1, 'bueno', NULL, 'HH-H326-EL-003'),
(839, 76, 20, 1, 'bueno', NULL, NULL),
(840, 77, 2, 2, 'bueno', NULL, NULL),
(841, 77, 4, 1, 'bueno', 'Silla mediana', 'HH-H327-M-002'),
(842, 77, 6, 1, 'bueno', NULL, NULL),
(843, 77, 7, 2, 'bueno', NULL, NULL),
(844, 77, 8, 1, 'bueno', NULL, 'HH-H327-EL-002'),
(845, 77, 11, 1, 'bueno', NULL, NULL),
(846, 77, 12, 1, 'bueno', NULL, NULL),
(847, 77, 13, 1, 'bueno', NULL, 'HH-H327-EL-003'),
(849, 104, 1, 1, 'bueno', NULL, NULL),
(850, 104, 2, 2, 'dañado', NULL, NULL),
(851, 104, 4, 1, 'bueno', 'Silla chica', 'HH-H111-M-002'),
(852, 104, 7, 2, 'bueno', NULL, NULL),
(853, 104, 8, 1, 'bueno', NULL, 'HH-H111-EL-002'),
(854, 104, 9, 1, 'bueno', NULL, 'HH-H111-D-001'),
(855, 104, 11, 1, 'bueno', NULL, NULL),
(856, 104, 12, 1, 'bueno', NULL, NULL),
(857, 104, 13, 1, 'bueno', NULL, 'HH-H111-EL-003'),
(858, 104, 20, 1, 'bueno', NULL, NULL),
(859, 11, 2, 2, 'dañado', NULL, NULL),
(860, 11, 4, 1, 'bueno', 'Silla grande', 'HH-H114-M-002'),
(861, 11, 6, 1, 'bueno', NULL, NULL),
(862, 11, 7, 2, 'bueno', NULL, NULL),
(863, 11, 8, 1, 'bueno', NULL, 'HH-H114-EL-002'),
(864, 11, 9, 1, 'bueno', NULL, 'HH-H114-D-001'),
(865, 11, 12, 1, 'bueno', NULL, NULL),
(866, 11, 13, 1, 'bueno', NULL, 'HH-H114-EL-003'),
(867, 11, 20, 1, 'bueno', NULL, NULL),
(868, 12, 1, 1, 'bueno', NULL, NULL),
(869, 12, 2, 2, 'dañado', NULL, NULL),
(870, 12, 4, 1, 'bueno', 'Silla mediana', 'HH-H115-M-002'),
(871, 12, 6, 1, 'bueno', NULL, NULL),
(872, 12, 7, 2, 'bueno', NULL, NULL),
(873, 12, 8, 1, 'bueno', NULL, 'HH-H115-EL-002'),
(874, 12, 9, 1, 'bueno', NULL, 'HH-H115-D-001'),
(875, 12, 11, 1, 'bueno', NULL, NULL),
(876, 12, 12, 1, 'bueno', NULL, NULL),
(877, 12, 13, 1, 'bueno', NULL, 'HH-H115-EL-003'),
(878, 12, 20, 1, 'dañado', NULL, NULL),
(879, 13, 1, 1, 'bueno', NULL, NULL),
(880, 13, 2, 2, 'bueno', NULL, NULL),
(881, 13, 4, 1, 'bueno', 'Silla mediana', 'HH-H116-M-002'),
(882, 13, 6, 1, 'bueno', NULL, NULL),
(883, 13, 7, 2, 'bueno', NULL, NULL),
(884, 13, 8, 1, 'bueno', NULL, 'HH-H116-EL-002'),
(885, 13, 9, 1, 'bueno', NULL, 'HH-H116-D-001'),
(886, 13, 10, 1, 'bueno', NULL, NULL),
(887, 13, 12, 1, 'bueno', NULL, NULL),
(888, 13, 13, 1, 'bueno', NULL, 'HH-H116-EL-003'),
(889, 13, 20, 1, 'bueno', NULL, NULL),
(890, 14, 2, 2, 'dañado', NULL, NULL),
(891, 14, 4, 1, 'bueno', 'Silla mediana', 'HH-H117-M-002'),
(892, 14, 6, 1, 'bueno', NULL, NULL),
(893, 14, 7, 2, 'bueno', NULL, NULL),
(894, 14, 8, 1, 'bueno', NULL, 'HH-H117-EL-002'),
(895, 14, 12, 1, 'bueno', NULL, NULL),
(896, 14, 13, 1, 'bueno', NULL, 'HH-H117-EL-003'),
(897, 14, 20, 1, 'bueno', NULL, NULL),
(898, 18, 2, 2, 'bueno', NULL, NULL),
(899, 18, 4, 1, 'bueno', 'Silla mediana', 'HH-H121-M-002'),
(900, 18, 6, 1, 'bueno', NULL, NULL),
(901, 18, 7, 2, 'bueno', NULL, NULL),
(902, 18, 8, 1, 'bueno', NULL, 'HH-H121-EL-002'),
(903, 18, 9, 1, 'bueno', NULL, 'HH-H121-D-001'),
(904, 18, 11, 1, 'bueno', NULL, NULL),
(905, 18, 12, 1, 'bueno', NULL, NULL),
(906, 18, 13, 1, 'bueno', NULL, 'HH-H121-EL-003'),
(907, 18, 20, 1, 'bueno', NULL, NULL),
(908, 18, 21, 1, 'bueno', NULL, NULL),
(909, 36, 2, 2, 'bueno', NULL, NULL),
(910, 36, 4, 1, 'bueno', 'Silla chica', 'HH-H211-M-002'),
(911, 36, 6, 1, 'bueno', NULL, NULL),
(912, 36, 7, 2, 'bueno', NULL, NULL),
(913, 36, 8, 1, 'bueno', NULL, 'HH-H211-EL-002'),
(914, 36, 9, 1, 'bueno', NULL, 'HH-H211-D-001'),
(915, 36, 11, 1, 'dañado', NULL, NULL),
(916, 36, 12, 1, 'bueno', NULL, NULL),
(917, 36, 13, 1, 'bueno', NULL, 'HH-H211-EL-003'),
(918, 36, 20, 1, 'bueno', NULL, NULL),
(919, 37, 2, 2, 'bueno', NULL, NULL),
(920, 37, 4, 1, 'bueno', 'Silla mediana', 'HH-H212-M-002'),
(921, 37, 6, 1, 'bueno', NULL, NULL),
(922, 37, 7, 2, 'bueno', NULL, NULL),
(923, 37, 8, 1, 'bueno', NULL, 'HH-H212-EL-002'),
(924, 37, 9, 1, 'bueno', NULL, 'HH-H212-D-001'),
(925, 37, 11, 1, 'bueno', NULL, NULL),
(926, 37, 12, 1, 'bueno', NULL, NULL),
(927, 37, 13, 1, 'bueno', NULL, 'HH-H212-EL-003'),
(928, 37, 20, 1, 'bueno', NULL, NULL),
(929, 38, 2, 2, 'bueno', NULL, NULL),
(930, 38, 4, 1, 'bueno', 'Silla chica', 'HH-H214-M-002'),
(931, 38, 6, 1, 'bueno', NULL, NULL),
(932, 38, 7, 2, 'bueno', NULL, NULL),
(933, 38, 8, 1, 'bueno', NULL, 'HH-H214-EL-002'),
(934, 38, 9, 1, 'bueno', NULL, 'HH-H214-D-001'),
(935, 38, 12, 1, 'bueno', NULL, NULL),
(936, 38, 13, 1, 'bueno', NULL, 'HH-H214-EL-003'),
(937, 38, 20, 1, 'bueno', NULL, NULL),
(938, 38, 21, 1, 'bueno', NULL, NULL),
(939, 40, 2, 2, 'bueno', NULL, NULL),
(940, 40, 4, 1, 'bueno', 'Silla mediana', 'HH-H216-M-002'),
(941, 40, 6, 1, 'bueno', NULL, NULL),
(942, 40, 7, 2, 'bueno', NULL, NULL),
(943, 40, 8, 1, 'bueno', NULL, 'HH-H216-EL-002'),
(944, 40, 9, 1, 'bueno', NULL, 'HH-H216-D-001'),
(945, 40, 12, 1, 'bueno', NULL, NULL),
(946, 40, 13, 1, 'bueno', NULL, 'HH-H216-EL-003'),
(947, 40, 20, 1, 'bueno', NULL, NULL),
(948, 41, 1, 1, 'bueno', NULL, NULL),
(949, 41, 2, 2, 'bueno', NULL, NULL),
(950, 41, 4, 1, 'bueno', 'Silla mediana', 'HH-H217-M-002'),
(951, 41, 6, 1, 'bueno', NULL, NULL),
(952, 41, 7, 2, 'bueno', NULL, NULL),
(953, 41, 8, 1, 'bueno', NULL, 'HH-H217-EL-002'),
(954, 41, 10, 1, 'bueno', NULL, NULL),
(955, 41, 11, 1, 'bueno', NULL, NULL),
(956, 41, 12, 1, 'bueno', NULL, NULL),
(957, 41, 13, 1, 'bueno', NULL, 'HH-H217-EL-003'),
(958, 41, 20, 1, 'bueno', NULL, NULL),
(959, 62, 1, 1, 'bueno', NULL, NULL),
(960, 62, 2, 2, 'bueno', NULL, NULL),
(961, 62, 4, 1, 'bueno', 'Silla mediana', 'HH-H311-M-002'),
(962, 62, 6, 1, 'bueno', NULL, NULL),
(963, 62, 7, 2, 'bueno', NULL, NULL),
(964, 62, 8, 1, 'bueno', NULL, 'HH-H311-EL-002'),
(965, 62, 9, 1, 'bueno', NULL, 'HH-H311-D-001'),
(966, 62, 11, 1, 'bueno', NULL, NULL),
(967, 62, 12, 1, 'bueno', NULL, NULL),
(968, 62, 13, 1, 'bueno', NULL, 'HH-H311-EL-003'),
(969, 62, 20, 1, 'bueno', NULL, NULL),
(970, 63, 2, 2, 'bueno', NULL, NULL),
(971, 63, 4, 1, 'bueno', 'Silla mediana', 'HH-H312-M-002'),
(972, 63, 6, 1, 'bueno', NULL, NULL),
(973, 63, 7, 2, 'bueno', NULL, NULL),
(974, 63, 8, 1, 'bueno', NULL, 'HH-H312-EL-002'),
(975, 63, 11, 1, 'bueno', NULL, NULL),
(976, 63, 12, 1, 'bueno', NULL, NULL),
(977, 63, 13, 1, 'bueno', NULL, 'HH-H312-EL-003'),
(978, 63, 20, 1, 'dañado', NULL, NULL),
(979, 63, 21, 1, 'bueno', NULL, NULL),
(980, 64, 1, 1, 'bueno', NULL, NULL),
(981, 64, 2, 2, 'bueno', NULL, NULL),
(982, 64, 4, 1, 'bueno', 'Silla chica', 'HH-H314-M-002'),
(983, 64, 7, 2, 'bueno', NULL, NULL),
(984, 64, 8, 1, 'bueno', NULL, 'HH-H314-EL-002'),
(985, 64, 9, 1, 'bueno', NULL, 'HH-H314-D-001'),
(986, 64, 12, 1, 'bueno', NULL, NULL),
(987, 64, 13, 1, 'bueno', NULL, 'HH-H314-EL-003'),
(988, 64, 20, 1, 'bueno', NULL, NULL),
(989, 64, 21, 1, 'bueno', NULL, NULL),
(990, 66, 2, 2, 'dañado', NULL, NULL),
(991, 66, 4, 1, 'bueno', 'Silla chica', 'HH-H316-M-002'),
(992, 66, 6, 1, 'bueno', NULL, NULL),
(993, 66, 7, 2, 'bueno', NULL, NULL),
(994, 66, 8, 1, 'bueno', NULL, 'HH-H316-EL-002'),
(995, 66, 9, 1, 'bueno', NULL, 'HH-H316-D-001'),
(996, 66, 11, 1, 'bueno', NULL, NULL),
(997, 66, 12, 1, 'bueno', NULL, NULL),
(998, 66, 13, 1, 'bueno', NULL, 'HH-H316-EL-003'),
(999, 66, 20, 1, 'bueno', NULL, NULL),
(1000, 66, 21, 1, 'bueno', NULL, NULL),
(1001, 67, 2, 2, 'bueno', NULL, NULL),
(1002, 67, 4, 1, 'bueno', 'Silla chica', 'HH-H317-M-002'),
(1003, 67, 6, 1, 'bueno', NULL, NULL),
(1004, 67, 7, 2, 'bueno', NULL, NULL),
(1005, 67, 8, 1, 'bueno', NULL, 'HH-H317-EL-002'),
(1006, 67, 9, 1, 'bueno', NULL, 'HH-H317-D-001'),
(1007, 67, 12, 1, 'bueno', NULL, NULL),
(1008, 67, 13, 1, 'bueno', NULL, 'HH-H317-EL-003'),
(1009, 67, 20, 1, 'bueno', NULL, NULL),
(1010, 88, 2, 2, 'bueno', NULL, NULL),
(1011, 88, 4, 1, 'bueno', 'Silla mediana', 'HH-H411-M-002'),
(1012, 88, 6, 1, 'bueno', NULL, NULL),
(1013, 88, 7, 2, 'bueno', NULL, NULL),
(1014, 88, 8, 1, 'bueno', NULL, 'HH-H411-EL-002'),
(1015, 88, 10, 1, 'bueno', NULL, NULL),
(1016, 88, 11, 1, 'bueno', NULL, NULL),
(1017, 88, 12, 1, 'bueno', NULL, NULL),
(1018, 88, 13, 1, 'bueno', NULL, 'HH-H411-EL-003'),
(1019, 88, 20, 1, 'bueno', NULL, NULL),
(1020, 89, 2, 2, 'dañado', NULL, NULL),
(1021, 89, 4, 1, 'bueno', 'Silla chica', 'HH-H412-M-002'),
(1022, 89, 6, 1, 'bueno', NULL, NULL),
(1023, 89, 7, 2, 'bueno', NULL, NULL),
(1024, 89, 8, 1, 'bueno', NULL, 'HH-H412-EL-002'),
(1025, 89, 10, 1, 'bueno', NULL, NULL),
(1026, 89, 12, 1, 'bueno', NULL, NULL),
(1027, 89, 13, 1, 'bueno', NULL, 'HH-H412-EL-003'),
(1028, 89, 20, 1, 'bueno', NULL, NULL),
(1029, 89, 21, 1, 'bueno', NULL, NULL),
(1030, 90, 2, 2, 'bueno', NULL, NULL),
(1031, 90, 4, 1, 'bueno', 'Silla mediana', 'HH-H414-M-002'),
(1032, 90, 6, 1, 'bueno', NULL, NULL),
(1033, 90, 7, 2, 'bueno', NULL, NULL),
(1034, 90, 8, 1, 'bueno', NULL, 'HH-H414-EL-002'),
(1035, 90, 11, 1, 'dañado', NULL, NULL),
(1036, 90, 12, 1, 'bueno', NULL, NULL),
(1037, 90, 13, 1, 'bueno', NULL, 'HH-H414-EL-003'),
(1038, 90, 20, 1, 'dañado', NULL, NULL),
(1039, 90, 21, 1, 'bueno', NULL, NULL),
(1040, 91, 1, 1, 'bueno', NULL, NULL),
(1041, 91, 2, 2, 'bueno', NULL, NULL),
(1042, 91, 4, 1, 'bueno', 'Silla mediana', 'HH-H415-M-002'),
(1043, 91, 6, 1, 'bueno', NULL, NULL),
(1044, 91, 7, 2, 'bueno', NULL, NULL),
(1045, 91, 8, 1, 'bueno', NULL, 'HH-H415-EL-002'),
(1046, 91, 11, 1, 'bueno', NULL, NULL),
(1047, 91, 12, 1, 'bueno', NULL, NULL),
(1048, 91, 13, 1, 'bueno', NULL, 'HH-H415-EL-003'),
(1049, 91, 20, 1, 'bueno', NULL, NULL),
(1050, 91, 21, 1, 'bueno', NULL, NULL),
(1051, 92, 2, 2, 'bueno', NULL, NULL),
(1052, 92, 4, 1, 'bueno', 'Silla mediana', 'HH-H416-M-002'),
(1053, 92, 6, 1, 'bueno', NULL, NULL),
(1054, 92, 7, 2, 'bueno', NULL, NULL),
(1055, 92, 8, 1, 'bueno', NULL, 'HH-H416-EL-002'),
(1056, 92, 11, 1, 'bueno', NULL, NULL),
(1057, 92, 12, 1, 'bueno', NULL, NULL),
(1058, 92, 13, 1, 'bueno', NULL, 'HH-H416-EL-003'),
(1059, 92, 20, 1, 'dañado', NULL, NULL),
(1060, 92, 21, 1, 'bueno', NULL, NULL),
(1061, 93, 2, 2, 'dañado', NULL, NULL),
(1062, 93, 4, 1, 'bueno', 'Silla mediana', 'HH-H417-M-002'),
(1063, 93, 6, 1, 'bueno', NULL, NULL),
(1064, 93, 7, 2, 'bueno', NULL, NULL),
(1065, 93, 8, 1, 'bueno', NULL, 'HH-H417-EL-002'),
(1066, 93, 11, 1, 'bueno', NULL, NULL),
(1067, 93, 12, 1, 'bueno', NULL, NULL),
(1068, 93, 13, 1, 'bueno', NULL, 'HH-H417-EL-003'),
(1069, 93, 20, 1, 'dañado', NULL, NULL),
(1070, 93, 21, 1, 'bueno', NULL, NULL),
(1071, 78, 1, 1, 'bueno', NULL, NULL),
(1072, 78, 2, 2, 'bueno', NULL, NULL),
(1073, 78, 4, 1, 'bueno', 'Silla chica', 'HH-H401-M-002'),
(1074, 78, 7, 2, 'bueno', NULL, NULL),
(1075, 78, 8, 1, 'bueno', NULL, 'HH-H401-EL-002'),
(1076, 78, 11, 1, 'bueno', NULL, NULL),
(1077, 78, 12, 1, 'bueno', NULL, NULL),
(1078, 78, 13, 1, 'bueno', NULL, 'HH-H401-EL-003'),
(1079, 78, 20, 1, 'bueno', NULL, NULL),
(1080, 79, 2, 2, 'bueno', NULL, NULL),
(1081, 79, 4, 1, 'bueno', 'Silla chica', 'HH-H402-M-002'),
(1082, 79, 6, 1, 'bueno', NULL, NULL),
(1083, 79, 7, 2, 'bueno', NULL, NULL),
(1084, 79, 8, 1, 'bueno', NULL, 'HH-H402-EL-002'),
(1085, 79, 12, 1, 'bueno', NULL, NULL),
(1086, 79, 13, 1, 'bueno', NULL, 'HH-H402-EL-003'),
(1087, 79, 20, 1, 'dañado', NULL, NULL),
(1088, 80, 2, 2, 'dañado', NULL, NULL),
(1089, 80, 4, 1, 'bueno', 'Silla chica', 'HH-H403-M-002'),
(1090, 80, 6, 1, 'bueno', NULL, NULL),
(1091, 80, 7, 2, 'bueno', NULL, NULL),
(1092, 80, 8, 1, 'bueno', NULL, 'HH-H403-EL-002'),
(1093, 80, 11, 1, 'bueno', NULL, NULL),
(1094, 80, 12, 1, 'bueno', NULL, NULL),
(1095, 80, 13, 1, 'bueno', NULL, 'HH-H403-EL-003'),
(1096, 80, 20, 1, 'dañado', NULL, NULL),
(1097, 81, 2, 2, 'bueno', NULL, NULL),
(1098, 81, 4, 1, 'bueno', 'Silla chica', 'HH-H404-M-002'),
(1099, 81, 7, 2, 'bueno', NULL, NULL),
(1100, 81, 8, 1, 'bueno', NULL, 'HH-H404-EL-002'),
(1101, 81, 11, 1, 'bueno', NULL, NULL),
(1102, 81, 12, 1, 'bueno', NULL, NULL),
(1103, 81, 13, 1, 'bueno', NULL, 'HH-H404-EL-003'),
(1104, 82, 2, 2, 'dañado', NULL, NULL),
(1105, 82, 4, 1, 'bueno', 'Silla chica', 'HH-H405-M-002'),
(1106, 82, 6, 1, 'bueno', NULL, NULL),
(1107, 82, 7, 2, 'bueno', NULL, NULL),
(1108, 82, 8, 1, 'bueno', NULL, 'HH-H405-EL-002'),
(1109, 82, 11, 1, 'bueno', NULL, NULL),
(1110, 82, 12, 1, 'bueno', NULL, NULL),
(1111, 82, 13, 1, 'bueno', NULL, 'HH-H405-EL-003'),
(1112, 82, 20, 1, 'dañado', NULL, NULL),
(1113, 83, 2, 2, 'dañado', NULL, NULL),
(1114, 83, 4, 1, 'bueno', 'Silla chica', 'HH-H406-M-002'),
(1115, 83, 6, 1, 'bueno', NULL, NULL),
(1116, 83, 7, 2, 'bueno', NULL, NULL),
(1117, 83, 8, 1, 'bueno', NULL, 'HH-H406-EL-002'),
(1118, 83, 12, 1, 'bueno', NULL, NULL),
(1119, 83, 13, 1, 'bueno', NULL, 'HH-H406-EL-003'),
(1120, 83, 20, 1, 'dañado', NULL, NULL),
(1121, 84, 2, 2, 'bueno', NULL, NULL),
(1122, 84, 4, 1, 'bueno', 'Silla chica', 'HH-H407-M-002'),
(1123, 84, 7, 2, 'bueno', NULL, NULL),
(1124, 84, 8, 1, 'bueno', NULL, 'HH-H407-EL-002'),
(1125, 84, 11, 1, 'bueno', NULL, NULL),
(1126, 84, 12, 1, 'bueno', NULL, NULL),
(1127, 84, 13, 1, 'bueno', NULL, 'HH-H407-EL-003'),
(1128, 84, 20, 1, 'dañado', NULL, NULL),
(1129, 85, 2, 2, 'bueno', NULL, NULL),
(1130, 85, 4, 1, 'bueno', 'Silla mediana', 'HH-H408-M-002'),
(1131, 85, 6, 1, 'bueno', NULL, NULL),
(1132, 85, 7, 2, 'bueno', NULL, NULL),
(1133, 85, 8, 1, 'bueno', NULL, 'HH-H408-EL-002'),
(1134, 85, 11, 1, 'bueno', NULL, NULL),
(1135, 85, 12, 1, 'bueno', NULL, NULL),
(1136, 85, 13, 1, 'bueno', NULL, 'HH-H408-EL-003'),
(1137, 85, 20, 1, 'bueno', NULL, NULL),
(1138, 86, 2, 2, 'bueno', NULL, NULL),
(1139, 86, 4, 1, 'bueno', 'Silla chica', 'HH-H409-M-002'),
(1140, 86, 6, 1, 'bueno', NULL, NULL),
(1141, 86, 7, 2, 'bueno', NULL, NULL),
(1142, 86, 8, 1, 'bueno', NULL, 'HH-H409-EL-002'),
(1143, 86, 12, 1, 'bueno', NULL, NULL),
(1144, 86, 13, 1, 'bueno', NULL, 'HH-H409-EL-003'),
(1145, 86, 20, 1, 'dañado', NULL, NULL),
(1146, 87, 2, 2, 'dañado', NULL, NULL),
(1147, 87, 4, 1, 'bueno', 'Silla chica', 'HH-H410-M-002'),
(1148, 87, 6, 1, 'bueno', NULL, NULL),
(1149, 87, 7, 2, 'bueno', NULL, NULL),
(1150, 87, 8, 1, 'bueno', NULL, 'HH-H410-EL-002'),
(1151, 87, 12, 1, 'bueno', NULL, NULL),
(1152, 87, 13, 1, 'bueno', NULL, 'HH-H410-EL-003'),
(1153, 87, 20, 1, 'bueno', NULL, NULL),
(1154, 94, 2, 2, 'dañado', NULL, NULL),
(1155, 94, 4, 1, 'bueno', 'Silla mediana', 'HH-H418-M-002'),
(1156, 94, 6, 1, 'bueno', NULL, NULL),
(1157, 94, 7, 2, 'bueno', NULL, NULL),
(1158, 94, 8, 1, 'bueno', NULL, 'HH-H418-EL-002'),
(1159, 94, 11, 1, 'bueno', NULL, NULL),
(1160, 94, 12, 1, 'bueno', NULL, NULL),
(1161, 94, 13, 1, 'bueno', NULL, 'HH-H418-EL-003'),
(1162, 94, 20, 1, 'dañado', NULL, NULL),
(1163, 96, 2, 2, 'bueno', NULL, NULL),
(1164, 96, 4, 1, 'bueno', 'Silla chica', 'HH-H420-M-002'),
(1165, 96, 6, 1, 'bueno', NULL, NULL),
(1166, 96, 7, 2, 'bueno', NULL, NULL),
(1167, 96, 8, 1, 'bueno', NULL, 'HH-H420-EL-002'),
(1168, 96, 12, 1, 'bueno', NULL, NULL),
(1169, 96, 13, 1, 'bueno', NULL, 'HH-H420-EL-003'),
(1170, 96, 20, 1, 'bueno', NULL, NULL),
(1171, 97, 2, 2, 'bueno', NULL, NULL),
(1172, 97, 4, 1, 'bueno', 'Silla mediana', 'HH-H421-M-002'),
(1173, 97, 6, 1, 'bueno', NULL, NULL),
(1174, 97, 7, 2, 'bueno', NULL, NULL),
(1175, 97, 8, 1, 'bueno', NULL, 'HH-H421-EL-002'),
(1176, 97, 11, 1, 'bueno', NULL, NULL),
(1177, 97, 12, 1, 'bueno', NULL, NULL),
(1178, 97, 13, 1, 'bueno', NULL, 'HH-H421-EL-003'),
(1179, 97, 20, 1, 'bueno', NULL, NULL),
(1180, 98, 2, 2, 'bueno', NULL, NULL),
(1181, 98, 4, 1, 'bueno', 'Silla chica', 'HH-H422-M-002'),
(1182, 98, 6, 1, 'bueno', NULL, NULL),
(1183, 98, 7, 2, 'bueno', NULL, NULL),
(1184, 98, 8, 1, 'bueno', NULL, 'HH-H422-EL-002'),
(1185, 98, 12, 1, 'bueno', NULL, NULL),
(1186, 98, 13, 1, 'bueno', NULL, 'HH-H422-EL-003'),
(1187, 98, 20, 1, 'bueno', NULL, NULL),
(1188, 99, 2, 2, 'dañado', NULL, NULL),
(1189, 99, 4, 1, 'bueno', 'Silla grande', 'HH-H423-M-002'),
(1190, 99, 7, 2, 'bueno', NULL, NULL),
(1191, 99, 8, 1, 'bueno', NULL, 'HH-H423-EL-002'),
(1192, 99, 12, 1, 'bueno', NULL, NULL),
(1193, 99, 13, 1, 'bueno', NULL, 'HH-H423-EL-003'),
(1194, 99, 20, 1, 'bueno', NULL, NULL),
(1195, 100, 2, 2, 'bueno', NULL, NULL),
(1196, 100, 4, 1, 'bueno', 'Silla mediana', 'HH-H424-M-002'),
(1197, 100, 6, 1, 'bueno', NULL, NULL),
(1198, 100, 7, 2, 'bueno', NULL, NULL),
(1199, 100, 8, 1, 'bueno', NULL, 'HH-H424-EL-002'),
(1200, 100, 11, 1, 'bueno', NULL, NULL),
(1201, 100, 12, 1, 'bueno', NULL, NULL),
(1202, 100, 13, 1, 'bueno', NULL, 'HH-H424-EL-003'),
(1203, 100, 20, 1, 'bueno', NULL, NULL),
(1204, 101, 2, 2, 'dañado', NULL, NULL),
(1205, 101, 4, 1, 'bueno', 'Silla mediana', 'HH-H425-M-002'),
(1206, 101, 6, 1, 'bueno', NULL, NULL),
(1207, 101, 7, 2, 'bueno', NULL, NULL),
(1208, 101, 8, 1, 'bueno', NULL, 'HH-H425-EL-002'),
(1209, 101, 12, 1, 'bueno', NULL, NULL),
(1210, 101, 13, 1, 'bueno', NULL, 'HH-H425-EL-003'),
(1211, 101, 20, 1, 'bueno', NULL, NULL),
(1212, 102, 2, 2, 'bueno', NULL, NULL),
(1213, 102, 4, 1, 'bueno', 'Silla chica', 'HH-H426-M-002'),
(1214, 102, 6, 1, 'bueno', NULL, NULL),
(1215, 102, 7, 2, 'bueno', NULL, NULL),
(1216, 102, 8, 1, 'bueno', NULL, 'HH-H426-EL-002'),
(1217, 102, 11, 1, 'bueno', NULL, NULL),
(1218, 102, 12, 1, 'bueno', NULL, NULL),
(1219, 102, 13, 1, 'bueno', NULL, 'HH-H426-EL-003'),
(1220, 102, 20, 1, 'bueno', NULL, NULL),
(1225, 1, 22, 1, 'bueno', NULL, NULL),
(1226, 2, 22, 1, 'bueno', NULL, NULL),
(1227, 3, 22, 1, 'bueno', NULL, NULL),
(1228, 4, 22, 1, 'bueno', NULL, NULL),
(1229, 5, 22, 1, 'bueno', NULL, NULL),
(1230, 6, 22, 1, 'bueno', NULL, NULL),
(1231, 7, 22, 1, 'bueno', NULL, NULL),
(1232, 8, 22, 1, 'bueno', NULL, NULL),
(1233, 10, 22, 1, 'bueno', NULL, NULL),
(1234, 11, 22, 1, 'bueno', NULL, NULL),
(1235, 12, 22, 1, 'bueno', NULL, NULL),
(1236, 13, 22, 1, 'bueno', NULL, NULL),
(1237, 14, 22, 1, 'bueno', NULL, NULL),
(1238, 15, 22, 1, 'bueno', NULL, NULL),
(1239, 16, 22, 1, 'bueno', NULL, NULL),
(1240, 17, 22, 1, 'bueno', NULL, NULL),
(1241, 18, 22, 1, 'bueno', NULL, NULL),
(1242, 19, 22, 1, 'bueno', NULL, NULL),
(1243, 20, 22, 1, 'bueno', NULL, NULL),
(1244, 21, 22, 1, 'bueno', NULL, NULL),
(1245, 22, 22, 1, 'bueno', NULL, NULL),
(1246, 23, 22, 1, 'bueno', NULL, NULL),
(1247, 24, 22, 1, 'bueno', NULL, NULL),
(1248, 26, 22, 1, 'bueno', NULL, NULL),
(1249, 27, 22, 1, 'bueno', NULL, NULL),
(1250, 28, 22, 1, 'bueno', NULL, NULL),
(1251, 29, 22, 1, 'bueno', NULL, NULL),
(1252, 30, 22, 1, 'bueno', NULL, NULL),
(1253, 31, 22, 1, 'bueno', NULL, NULL),
(1254, 32, 22, 1, 'bueno', NULL, NULL),
(1255, 33, 22, 1, 'bueno', NULL, NULL),
(1256, 34, 22, 1, 'bueno', NULL, NULL),
(1257, 35, 22, 1, 'bueno', NULL, NULL),
(1258, 36, 22, 1, 'bueno', NULL, NULL),
(1259, 37, 22, 1, 'bueno', NULL, NULL),
(1260, 38, 22, 1, 'bueno', NULL, NULL),
(1262, 40, 22, 1, 'bueno', NULL, NULL),
(1263, 41, 22, 1, 'bueno', NULL, NULL),
(1264, 42, 22, 1, 'bueno', NULL, NULL),
(1265, 43, 22, 1, 'bueno', NULL, NULL),
(1266, 44, 22, 1, 'bueno', NULL, NULL),
(1267, 45, 22, 1, 'bueno', NULL, NULL),
(1268, 46, 22, 1, 'bueno', NULL, NULL),
(1269, 47, 22, 1, 'bueno', NULL, NULL),
(1270, 48, 22, 1, 'bueno', NULL, NULL),
(1271, 49, 22, 1, 'bueno', NULL, NULL),
(1272, 50, 22, 1, 'bueno', NULL, NULL),
(1273, 51, 22, 1, 'bueno', NULL, NULL),
(1274, 52, 22, 1, 'bueno', NULL, NULL),
(1275, 53, 22, 1, 'bueno', NULL, NULL),
(1276, 54, 22, 1, 'bueno', NULL, NULL),
(1277, 55, 22, 1, 'bueno', NULL, NULL),
(1278, 56, 22, 1, 'bueno', NULL, NULL),
(1279, 57, 22, 1, 'bueno', NULL, NULL),
(1280, 58, 22, 1, 'bueno', NULL, NULL),
(1281, 59, 22, 1, 'bueno', NULL, NULL),
(1282, 60, 22, 1, 'bueno', NULL, NULL),
(1283, 61, 22, 1, 'bueno', NULL, NULL),
(1284, 62, 22, 1, 'bueno', NULL, NULL),
(1285, 63, 22, 1, 'bueno', NULL, NULL),
(1286, 64, 22, 1, 'bueno', NULL, NULL),
(1287, 65, 22, 1, 'bueno', NULL, NULL),
(1288, 66, 22, 1, 'bueno', NULL, NULL),
(1289, 67, 22, 1, 'bueno', NULL, NULL),
(1290, 68, 22, 1, 'bueno', NULL, NULL),
(1291, 69, 22, 1, 'bueno', NULL, NULL),
(1292, 70, 22, 1, 'bueno', NULL, NULL),
(1293, 71, 22, 1, 'bueno', NULL, NULL),
(1294, 72, 22, 1, 'bueno', NULL, NULL),
(1295, 73, 22, 1, 'bueno', NULL, NULL),
(1296, 74, 22, 1, 'bueno', NULL, NULL),
(1297, 75, 22, 1, 'bueno', NULL, NULL),
(1298, 76, 22, 1, 'bueno', NULL, NULL),
(1299, 77, 22, 1, 'bueno', NULL, NULL),
(1300, 78, 22, 1, 'bueno', NULL, NULL),
(1301, 79, 22, 1, 'bueno', NULL, NULL),
(1302, 80, 22, 1, 'bueno', NULL, NULL),
(1303, 81, 22, 1, 'bueno', NULL, NULL),
(1304, 82, 22, 1, 'bueno', NULL, NULL),
(1305, 83, 22, 1, 'bueno', NULL, NULL),
(1306, 84, 22, 1, 'bueno', NULL, NULL),
(1307, 85, 22, 1, 'bueno', NULL, NULL),
(1308, 86, 22, 1, 'bueno', NULL, NULL),
(1309, 87, 22, 1, 'bueno', NULL, NULL),
(1310, 88, 22, 1, 'bueno', NULL, NULL),
(1311, 89, 22, 1, 'bueno', NULL, NULL),
(1312, 90, 22, 1, 'bueno', NULL, NULL),
(1313, 91, 22, 1, 'bueno', NULL, NULL),
(1314, 92, 22, 1, 'bueno', NULL, NULL),
(1315, 93, 22, 1, 'bueno', NULL, NULL),
(1316, 94, 22, 1, 'bueno', NULL, NULL),
(1317, 95, 22, 1, 'bueno', NULL, NULL),
(1318, 96, 22, 1, 'bueno', NULL, NULL),
(1319, 97, 22, 1, 'bueno', NULL, NULL),
(1320, 98, 22, 1, 'bueno', NULL, NULL),
(1321, 99, 22, 1, 'bueno', NULL, NULL),
(1322, 100, 22, 1, 'bueno', NULL, NULL),
(1323, 101, 22, 1, 'bueno', NULL, NULL),
(1324, 102, 22, 1, 'bueno', NULL, NULL),
(1326, 104, 22, 1, 'bueno', NULL, NULL),
(1327, 1, 23, 1, 'bueno', '', 'HH-H103-CL-001'),
(1328, 2, 23, 1, 'bueno', NULL, 'HH-H104-CL-001'),
(1329, 3, 23, 1, 'bueno', NULL, 'HH-H105-CL-001'),
(1330, 4, 23, 1, 'bueno', NULL, 'HH-H106-CL-001'),
(1331, 5, 23, 1, 'bueno', NULL, 'HH-H107-CL-001'),
(1332, 6, 23, 1, 'bueno', NULL, 'HH-H108-CL-001'),
(1333, 7, 23, 1, 'bueno', NULL, 'HH-H109-CL-001'),
(1334, 8, 23, 1, 'bueno', NULL, 'HH-H110-CL-001'),
(1335, 10, 23, 1, 'bueno', NULL, 'HH-H112-CL-001'),
(1336, 11, 23, 1, 'bueno', NULL, 'HH-H114-CL-001'),
(1337, 12, 23, 1, 'bueno', NULL, 'HH-H115-CL-001'),
(1338, 13, 23, 1, 'bueno', NULL, 'HH-H116-CL-001'),
(1339, 14, 23, 1, 'bueno', NULL, 'HH-H117-CL-001'),
(1340, 15, 23, 1, 'bueno', NULL, 'HH-H118-CL-001'),
(1341, 16, 23, 1, 'bueno', NULL, 'HH-H119-CL-001'),
(1342, 17, 23, 1, 'bueno', NULL, 'HH-H120-CL-001'),
(1343, 18, 23, 1, 'bueno', NULL, 'HH-H121-CL-001'),
(1344, 19, 23, 1, 'bueno', NULL, 'HH-H122-CL-001'),
(1345, 20, 23, 1, 'bueno', NULL, 'HH-H123-CL-001'),
(1346, 21, 23, 1, 'bueno', NULL, 'HH-H124-CL-001'),
(1347, 22, 23, 1, 'bueno', NULL, 'HH-H125-CL-001'),
(1348, 23, 23, 1, 'bueno', NULL, 'HH-H126-CL-001'),
(1349, 24, 23, 1, 'bueno', NULL, 'HH-H127-CL-001'),
(1350, 26, 23, 1, 'bueno', NULL, 'HH-H201-CL-001'),
(1351, 27, 23, 1, 'bueno', NULL, 'HH-H202-CL-001'),
(1352, 28, 23, 1, 'bueno', NULL, 'HH-H203-CL-001'),
(1353, 29, 23, 1, 'bueno', NULL, 'HH-H204-CL-001'),
(1354, 30, 23, 1, 'bueno', NULL, 'HH-H205-CL-001'),
(1355, 31, 23, 1, 'bueno', NULL, 'HH-H206-CL-001'),
(1356, 32, 23, 1, 'bueno', NULL, 'HH-H207-CL-001'),
(1357, 33, 23, 1, 'bueno', NULL, 'HH-H208-CL-001'),
(1358, 34, 23, 1, 'bueno', NULL, 'HH-H209-CL-001'),
(1359, 35, 23, 1, 'bueno', NULL, 'HH-H210-CL-001'),
(1360, 36, 23, 1, 'bueno', NULL, 'HH-H211-CL-001'),
(1361, 37, 23, 1, 'bueno', NULL, 'HH-H212-CL-001'),
(1362, 38, 23, 1, 'bueno', NULL, 'HH-H214-CL-001'),
(1364, 40, 23, 1, 'bueno', NULL, 'HH-H216-CL-001'),
(1365, 41, 23, 1, 'bueno', NULL, 'HH-H217-CL-001'),
(1366, 42, 23, 1, 'bueno', NULL, 'HH-H218-CL-001'),
(1367, 43, 23, 1, 'bueno', NULL, 'HH-H219-CL-001'),
(1368, 44, 23, 1, 'bueno', NULL, 'HH-H220-CL-001'),
(1369, 45, 23, 1, 'bueno', NULL, 'HH-H221-CL-001'),
(1370, 46, 23, 1, 'bueno', NULL, 'HH-H222-CL-001'),
(1371, 47, 23, 1, 'bueno', NULL, 'HH-H223-CL-001'),
(1372, 48, 23, 1, 'bueno', NULL, 'HH-H224-CL-001'),
(1373, 49, 23, 1, 'bueno', NULL, 'HH-H225-CL-001'),
(1374, 50, 23, 1, 'bueno', NULL, 'HH-H226-CL-001'),
(1375, 51, 23, 1, 'bueno', NULL, 'HH-H227-CL-001'),
(1376, 52, 23, 1, 'bueno', NULL, 'HH-H301-CL-001'),
(1377, 53, 23, 1, 'bueno', NULL, 'HH-H302-CL-001'),
(1378, 54, 23, 1, 'bueno', NULL, 'HH-H303-CL-001'),
(1379, 55, 23, 1, 'bueno', NULL, 'HH-H304-CL-001'),
(1380, 56, 23, 1, 'bueno', NULL, 'HH-H305-CL-001'),
(1381, 57, 23, 1, 'bueno', NULL, 'HH-H306-CL-001'),
(1382, 58, 23, 1, 'bueno', NULL, 'HH-H307-CL-001'),
(1383, 59, 23, 1, 'bueno', NULL, 'HH-H308-CL-001'),
(1384, 60, 23, 1, 'bueno', NULL, 'HH-H309-CL-001'),
(1385, 61, 23, 1, 'bueno', NULL, 'HH-H310-CL-001'),
(1386, 62, 23, 1, 'bueno', NULL, 'HH-H311-CL-001'),
(1387, 63, 23, 1, 'bueno', NULL, 'HH-H312-CL-001'),
(1388, 64, 23, 1, 'bueno', NULL, 'HH-H314-CL-001'),
(1390, 66, 23, 1, 'bueno', NULL, 'HH-H316-CL-001'),
(1391, 67, 23, 1, 'bueno', NULL, 'HH-H317-CL-001'),
(1392, 68, 23, 1, 'bueno', NULL, 'HH-H318-CL-001'),
(1393, 69, 23, 1, 'bueno', NULL, 'HH-H319-CL-001'),
(1394, 70, 23, 1, 'bueno', NULL, 'HH-H320-CL-001'),
(1395, 71, 23, 1, 'bueno', NULL, 'HH-H321-CL-001'),
(1396, 72, 23, 1, 'bueno', NULL, 'HH-H322-CL-001'),
(1397, 73, 23, 1, 'bueno', NULL, 'HH-H323-CL-001'),
(1398, 74, 23, 1, 'bueno', NULL, 'HH-H324-CL-001'),
(1399, 75, 23, 1, 'bueno', NULL, 'HH-H325-CL-001'),
(1400, 76, 23, 1, 'bueno', NULL, 'HH-H326-CL-001'),
(1401, 77, 23, 1, 'bueno', NULL, 'HH-H327-CL-001'),
(1402, 78, 23, 1, 'bueno', NULL, 'HH-H401-CL-001'),
(1403, 79, 23, 1, 'bueno', NULL, 'HH-H402-CL-001'),
(1404, 80, 23, 1, 'bueno', NULL, 'HH-H403-CL-001'),
(1405, 81, 23, 1, 'bueno', NULL, 'HH-H404-CL-001'),
(1406, 82, 23, 1, 'bueno', NULL, 'HH-H405-CL-001'),
(1407, 83, 23, 1, 'bueno', NULL, 'HH-H406-CL-001'),
(1408, 84, 23, 1, 'bueno', NULL, 'HH-H407-CL-001'),
(1409, 85, 23, 1, 'bueno', NULL, 'HH-H408-CL-001'),
(1410, 86, 23, 1, 'bueno', NULL, 'HH-H409-CL-001'),
(1411, 87, 23, 1, 'bueno', NULL, 'HH-H410-CL-001'),
(1412, 88, 23, 1, 'bueno', NULL, 'HH-H411-CL-001'),
(1413, 89, 23, 1, 'bueno', NULL, 'HH-H412-CL-001'),
(1414, 90, 23, 1, 'bueno', NULL, 'HH-H414-CL-001'),
(1415, 91, 23, 1, 'bueno', NULL, 'HH-H415-CL-001'),
(1416, 92, 23, 1, 'bueno', NULL, 'HH-H416-CL-001'),
(1417, 93, 23, 1, 'bueno', NULL, 'HH-H417-CL-001'),
(1418, 94, 23, 1, 'bueno', NULL, 'HH-H418-CL-001'),
(1420, 96, 23, 1, 'bueno', NULL, 'HH-H420-CL-001'),
(1421, 97, 23, 1, 'bueno', NULL, 'HH-H421-CL-001'),
(1422, 98, 23, 1, 'bueno', NULL, 'HH-H422-CL-001'),
(1423, 99, 23, 1, 'bueno', NULL, 'HH-H423-CL-001'),
(1424, 100, 23, 1, 'bueno', NULL, 'HH-H424-CL-001'),
(1425, 101, 23, 1, 'bueno', NULL, 'HH-H425-CL-001'),
(1426, 102, 23, 1, 'bueno', NULL, 'HH-H426-CL-001'),
(1428, 104, 23, 1, 'bueno', NULL, 'HH-H111-CL-001'),
(1433, 1, 29, 1, 'bueno', '', 'HH-H103-EL-001'),
(1434, 2, 29, 1, 'bueno', NULL, 'HH-H104-EL-001'),
(1435, 3, 29, 1, 'bueno', NULL, 'HH-H105-EL-001'),
(1436, 4, 29, 1, 'bueno', NULL, 'HH-H106-EL-001'),
(1437, 5, 29, 1, 'bueno', NULL, 'HH-H107-EL-001'),
(1438, 6, 29, 1, 'bueno', NULL, 'HH-H108-EL-001'),
(1439, 7, 29, 1, 'bueno', NULL, 'HH-H109-EL-001'),
(1440, 8, 29, 1, 'bueno', NULL, 'HH-H110-EL-001'),
(1441, 104, 29, 1, 'bueno', NULL, 'HH-H111-EL-001'),
(1442, 10, 29, 1, 'bueno', NULL, 'HH-H112-EL-001'),
(1443, 11, 29, 1, 'bueno', NULL, 'HH-H114-EL-001'),
(1444, 12, 29, 1, 'bueno', NULL, 'HH-H115-EL-001'),
(1445, 13, 29, 1, 'bueno', NULL, 'HH-H116-EL-001'),
(1446, 14, 29, 1, 'bueno', NULL, 'HH-H117-EL-001'),
(1447, 15, 29, 1, 'bueno', NULL, 'HH-H118-EL-001'),
(1448, 16, 29, 1, 'bueno', NULL, 'HH-H119-EL-001'),
(1449, 17, 29, 1, 'bueno', NULL, 'HH-H120-EL-001'),
(1450, 18, 29, 1, 'bueno', NULL, 'HH-H121-EL-001'),
(1451, 19, 29, 1, 'bueno', NULL, 'HH-H122-EL-001'),
(1452, 20, 29, 1, 'bueno', NULL, 'HH-H123-EL-001'),
(1453, 21, 29, 1, 'bueno', NULL, 'HH-H124-EL-001'),
(1454, 22, 29, 1, 'bueno', NULL, 'HH-H125-EL-001'),
(1455, 23, 29, 1, 'bueno', NULL, 'HH-H126-EL-001'),
(1456, 24, 29, 1, 'bueno', NULL, 'HH-H127-EL-001'),
(1457, 26, 29, 1, 'bueno', NULL, 'HH-H201-EL-001'),
(1458, 27, 29, 1, 'bueno', NULL, 'HH-H202-EL-001'),
(1459, 28, 29, 1, 'bueno', NULL, 'HH-H203-EL-001'),
(1460, 29, 29, 1, 'bueno', NULL, 'HH-H204-EL-001'),
(1461, 30, 29, 1, 'bueno', NULL, 'HH-H205-EL-001'),
(1462, 31, 29, 1, 'bueno', NULL, 'HH-H206-EL-001'),
(1463, 32, 29, 1, 'bueno', NULL, 'HH-H207-EL-001'),
(1464, 33, 29, 1, 'bueno', NULL, 'HH-H208-EL-001'),
(1465, 34, 29, 1, 'bueno', NULL, 'HH-H209-EL-001'),
(1466, 35, 29, 1, 'bueno', NULL, 'HH-H210-EL-001'),
(1467, 36, 29, 1, 'bueno', NULL, 'HH-H211-EL-001'),
(1468, 37, 29, 1, 'bueno', NULL, 'HH-H212-EL-001'),
(1469, 38, 29, 1, 'bueno', NULL, 'HH-H214-EL-001'),
(1471, 40, 29, 1, 'bueno', NULL, 'HH-H216-EL-001'),
(1472, 41, 29, 1, 'bueno', NULL, 'HH-H217-EL-001'),
(1473, 42, 29, 1, 'bueno', NULL, 'HH-H218-EL-001'),
(1474, 43, 29, 1, 'bueno', NULL, 'HH-H219-EL-001'),
(1475, 44, 29, 1, 'bueno', NULL, 'HH-H220-EL-001'),
(1476, 45, 29, 1, 'bueno', NULL, 'HH-H221-EL-001'),
(1477, 46, 29, 1, 'bueno', NULL, 'HH-H222-EL-001'),
(1478, 47, 29, 1, 'bueno', NULL, 'HH-H223-EL-001'),
(1479, 48, 29, 1, 'bueno', NULL, 'HH-H224-EL-001'),
(1480, 49, 29, 1, 'bueno', NULL, 'HH-H225-EL-001'),
(1481, 50, 29, 1, 'bueno', NULL, 'HH-H226-EL-001'),
(1482, 51, 29, 1, 'bueno', NULL, 'HH-H227-EL-001'),
(1483, 52, 29, 1, 'bueno', NULL, 'HH-H301-EL-001'),
(1484, 53, 29, 1, 'bueno', NULL, 'HH-H302-EL-001'),
(1485, 54, 29, 1, 'bueno', NULL, 'HH-H303-EL-001'),
(1486, 55, 29, 1, 'bueno', NULL, 'HH-H304-EL-001'),
(1487, 56, 29, 1, 'bueno', NULL, 'HH-H305-EL-001'),
(1488, 57, 29, 1, 'bueno', NULL, 'HH-H306-EL-001'),
(1489, 58, 29, 1, 'bueno', NULL, 'HH-H307-EL-001'),
(1490, 59, 29, 1, 'bueno', NULL, 'HH-H308-EL-001'),
(1491, 60, 29, 1, 'bueno', NULL, 'HH-H309-EL-001'),
(1492, 61, 29, 1, 'bueno', NULL, 'HH-H310-EL-001'),
(1493, 62, 29, 1, 'bueno', NULL, 'HH-H311-EL-001'),
(1494, 63, 29, 1, 'bueno', NULL, 'HH-H312-EL-001'),
(1495, 64, 29, 1, 'bueno', NULL, 'HH-H314-EL-001'),
(1497, 66, 29, 1, 'bueno', NULL, 'HH-H316-EL-001'),
(1498, 67, 29, 1, 'bueno', NULL, 'HH-H317-EL-001'),
(1499, 68, 29, 1, 'bueno', NULL, 'HH-H318-EL-001'),
(1500, 69, 29, 1, 'bueno', NULL, 'HH-H319-EL-001'),
(1501, 70, 29, 1, 'bueno', NULL, 'HH-H320-EL-001'),
(1502, 71, 29, 1, 'bueno', NULL, 'HH-H321-EL-001'),
(1503, 72, 29, 1, 'bueno', NULL, 'HH-H322-EL-001'),
(1504, 73, 29, 1, 'bueno', NULL, 'HH-H323-EL-001'),
(1505, 74, 29, 1, 'bueno', NULL, 'HH-H324-EL-001'),
(1506, 75, 29, 1, 'bueno', NULL, 'HH-H325-EL-001'),
(1507, 76, 29, 1, 'bueno', NULL, 'HH-H326-EL-001'),
(1508, 77, 29, 1, 'bueno', NULL, 'HH-H327-EL-001'),
(1509, 78, 29, 1, 'bueno', NULL, 'HH-H401-EL-001'),
(1510, 79, 29, 1, 'bueno', NULL, 'HH-H402-EL-001'),
(1511, 80, 29, 1, 'bueno', NULL, 'HH-H403-EL-001'),
(1512, 81, 29, 1, 'bueno', NULL, 'HH-H404-EL-001'),
(1513, 82, 29, 1, 'bueno', NULL, 'HH-H405-EL-001'),
(1514, 83, 29, 1, 'bueno', NULL, 'HH-H406-EL-001'),
(1515, 84, 29, 1, 'bueno', NULL, 'HH-H407-EL-001'),
(1516, 85, 29, 1, 'bueno', NULL, 'HH-H408-EL-001'),
(1517, 86, 29, 1, 'bueno', NULL, 'HH-H409-EL-001'),
(1518, 87, 29, 1, 'bueno', NULL, 'HH-H410-EL-001'),
(1519, 88, 29, 1, 'bueno', NULL, 'HH-H411-EL-001'),
(1520, 89, 29, 1, 'bueno', NULL, 'HH-H412-EL-001'),
(1521, 90, 29, 1, 'bueno', NULL, 'HH-H414-EL-001'),
(1522, 91, 29, 1, 'bueno', NULL, 'HH-H415-EL-001'),
(1523, 92, 29, 1, 'bueno', NULL, 'HH-H416-EL-001'),
(1524, 93, 29, 1, 'bueno', NULL, 'HH-H417-EL-001'),
(1525, 94, 29, 1, 'bueno', NULL, 'HH-H418-EL-001'),
(1527, 96, 29, 1, 'bueno', NULL, 'HH-H420-EL-001'),
(1528, 97, 29, 1, 'bueno', NULL, 'HH-H421-EL-001'),
(1529, 98, 29, 1, 'bueno', NULL, 'HH-H422-EL-001'),
(1530, 99, 29, 1, 'bueno', NULL, 'HH-H423-EL-001'),
(1531, 100, 29, 1, 'bueno', NULL, 'HH-H424-EL-001'),
(1532, 101, 29, 1, 'bueno', NULL, 'HH-H425-EL-001'),
(1533, 102, 29, 1, 'bueno', NULL, 'HH-H426-EL-001'),
(1560, 1, 30, 1, 'bueno', '', 'HH-H103-M-001'),
(1561, 2, 30, 1, 'bueno', NULL, 'HH-H104-M-001'),
(1562, 3, 30, 1, 'bueno', NULL, 'HH-H105-M-001'),
(1563, 4, 30, 1, 'bueno', NULL, 'HH-H106-M-001'),
(1564, 5, 30, 1, 'bueno', NULL, 'HH-H107-M-001'),
(1565, 6, 30, 1, 'bueno', NULL, 'HH-H108-M-001'),
(1566, 7, 30, 1, 'bueno', NULL, 'HH-H109-M-001'),
(1567, 8, 30, 1, 'bueno', NULL, 'HH-H110-M-001'),
(1568, 104, 30, 1, 'bueno', NULL, 'HH-H111-M-001'),
(1569, 10, 30, 1, 'bueno', NULL, 'HH-H112-M-001'),
(1570, 11, 30, 1, 'bueno', NULL, 'HH-H114-M-001'),
(1571, 12, 30, 1, 'bueno', NULL, 'HH-H115-M-001'),
(1572, 13, 30, 1, 'bueno', NULL, 'HH-H116-M-001'),
(1573, 14, 30, 1, 'bueno', NULL, 'HH-H117-M-001'),
(1574, 15, 30, 1, 'bueno', NULL, 'HH-H118-M-001'),
(1575, 16, 30, 1, 'bueno', NULL, 'HH-H119-M-001'),
(1576, 17, 30, 1, 'bueno', NULL, 'HH-H120-M-001'),
(1577, 18, 30, 1, 'bueno', NULL, 'HH-H121-M-001'),
(1578, 19, 30, 1, 'bueno', NULL, 'HH-H122-M-001'),
(1579, 20, 30, 1, 'bueno', NULL, 'HH-H123-M-001'),
(1580, 21, 30, 1, 'bueno', NULL, 'HH-H124-M-001'),
(1581, 22, 30, 1, 'bueno', NULL, 'HH-H125-M-001'),
(1582, 23, 30, 1, 'bueno', NULL, 'HH-H126-M-001'),
(1583, 24, 30, 1, 'bueno', NULL, 'HH-H127-M-001'),
(1584, 26, 30, 1, 'bueno', NULL, 'HH-H201-M-001'),
(1585, 27, 30, 1, 'bueno', NULL, 'HH-H202-M-001');
INSERT INTO `inventario` (`id`, `habitacion_id`, `articulo_id`, `cantidad`, `estado`, `comentarios`, `codigo_barras`) VALUES
(1586, 28, 30, 1, 'bueno', NULL, 'HH-H203-M-001'),
(1587, 29, 30, 1, 'bueno', NULL, 'HH-H204-M-001'),
(1588, 30, 30, 1, 'bueno', NULL, 'HH-H205-M-001'),
(1589, 31, 30, 1, 'bueno', NULL, 'HH-H206-M-001'),
(1590, 32, 30, 1, 'bueno', NULL, 'HH-H207-M-001'),
(1591, 33, 30, 1, 'bueno', NULL, 'HH-H208-M-001'),
(1592, 34, 30, 1, 'bueno', NULL, 'HH-H209-M-001'),
(1593, 35, 30, 1, 'bueno', NULL, 'HH-H210-M-001'),
(1594, 36, 30, 1, 'bueno', NULL, 'HH-H211-M-001'),
(1595, 37, 30, 1, 'bueno', NULL, 'HH-H212-M-001'),
(1596, 38, 30, 1, 'bueno', NULL, 'HH-H214-M-001'),
(1598, 40, 30, 1, 'bueno', NULL, 'HH-H216-M-001'),
(1599, 41, 30, 1, 'bueno', NULL, 'HH-H217-M-001'),
(1600, 42, 30, 1, 'bueno', NULL, 'HH-H218-M-001'),
(1601, 43, 30, 1, 'bueno', NULL, 'HH-H219-M-001'),
(1602, 44, 30, 1, 'bueno', NULL, 'HH-H220-M-001'),
(1603, 45, 30, 1, 'bueno', NULL, 'HH-H221-M-001'),
(1604, 46, 30, 1, 'bueno', NULL, 'HH-H222-M-001'),
(1605, 47, 30, 1, 'bueno', NULL, 'HH-H223-M-001'),
(1606, 48, 30, 1, 'bueno', NULL, 'HH-H224-M-001'),
(1607, 49, 30, 1, 'bueno', NULL, 'HH-H225-M-001'),
(1608, 50, 30, 1, 'bueno', NULL, 'HH-H226-M-001'),
(1609, 51, 30, 1, 'bueno', NULL, 'HH-H227-M-001'),
(1610, 52, 30, 1, 'bueno', NULL, 'HH-H301-M-001'),
(1611, 53, 30, 1, 'bueno', NULL, 'HH-H302-M-001'),
(1612, 54, 30, 1, 'bueno', NULL, 'HH-H303-M-001'),
(1613, 55, 30, 1, 'bueno', NULL, 'HH-H304-M-001'),
(1614, 56, 30, 1, 'bueno', NULL, 'HH-H305-M-001'),
(1615, 57, 30, 1, 'bueno', NULL, 'HH-H306-M-001'),
(1616, 58, 30, 1, 'bueno', NULL, 'HH-H307-M-001'),
(1617, 59, 30, 1, 'bueno', NULL, 'HH-H308-M-001'),
(1618, 60, 30, 1, 'bueno', NULL, 'HH-H309-M-001'),
(1619, 61, 30, 1, 'bueno', NULL, 'HH-H310-M-001'),
(1620, 62, 30, 1, 'bueno', NULL, 'HH-H311-M-001'),
(1621, 63, 30, 1, 'bueno', NULL, 'HH-H312-M-001'),
(1622, 64, 30, 1, 'bueno', NULL, 'HH-H314-M-001'),
(1624, 66, 30, 1, 'bueno', NULL, 'HH-H316-M-001'),
(1625, 67, 30, 1, 'bueno', NULL, 'HH-H317-M-001'),
(1626, 68, 30, 1, 'bueno', NULL, 'HH-H318-M-001'),
(1627, 69, 30, 1, 'bueno', NULL, 'HH-H319-M-001'),
(1628, 70, 30, 1, 'bueno', NULL, 'HH-H320-M-001'),
(1629, 71, 30, 1, 'bueno', NULL, 'HH-H321-M-001'),
(1630, 72, 30, 1, 'bueno', NULL, 'HH-H322-M-001'),
(1631, 73, 30, 1, 'bueno', NULL, 'HH-H323-M-001'),
(1632, 74, 30, 1, 'bueno', NULL, 'HH-H324-M-001'),
(1633, 75, 30, 1, 'bueno', NULL, 'HH-H325-M-001'),
(1634, 76, 30, 1, 'bueno', NULL, 'HH-H326-M-001'),
(1635, 77, 30, 1, 'bueno', NULL, 'HH-H327-M-001'),
(1636, 78, 30, 1, 'bueno', NULL, 'HH-H401-M-001'),
(1637, 79, 30, 1, 'bueno', NULL, 'HH-H402-M-001'),
(1638, 80, 30, 1, 'bueno', NULL, 'HH-H403-M-001'),
(1639, 81, 30, 1, 'bueno', NULL, 'HH-H404-M-001'),
(1640, 82, 30, 1, 'bueno', NULL, 'HH-H405-M-001'),
(1641, 83, 30, 1, 'bueno', NULL, 'HH-H406-M-001'),
(1642, 84, 30, 1, 'bueno', NULL, 'HH-H407-M-001'),
(1643, 85, 30, 1, 'bueno', NULL, 'HH-H408-M-001'),
(1644, 86, 30, 1, 'bueno', NULL, 'HH-H409-M-001'),
(1645, 87, 30, 1, 'bueno', NULL, 'HH-H410-M-001'),
(1646, 88, 30, 1, 'bueno', NULL, 'HH-H411-M-001'),
(1647, 89, 30, 1, 'bueno', NULL, 'HH-H412-M-001'),
(1648, 90, 30, 1, 'bueno', NULL, 'HH-H414-M-001'),
(1649, 91, 30, 1, 'bueno', NULL, 'HH-H415-M-001'),
(1650, 92, 30, 1, 'bueno', NULL, 'HH-H416-M-001'),
(1651, 93, 30, 1, 'bueno', NULL, 'HH-H417-M-001'),
(1652, 94, 30, 1, 'bueno', NULL, 'HH-H418-M-001'),
(1654, 96, 30, 1, 'bueno', NULL, 'HH-H420-M-001'),
(1655, 97, 30, 1, 'bueno', NULL, 'HH-H421-M-001'),
(1656, 98, 30, 1, 'bueno', NULL, 'HH-H422-M-001'),
(1657, 99, 30, 1, 'bueno', NULL, 'HH-H423-M-001'),
(1658, 100, 30, 1, 'bueno', NULL, 'HH-H424-M-001'),
(1659, 101, 30, 1, 'bueno', NULL, 'HH-H425-M-001'),
(1660, 102, 30, 1, 'bueno', NULL, 'HH-H426-M-001'),
(1692, 15, 11, 1, 'bueno', '', NULL);

-- --------------------------------------------------------

--
-- Estructura de tabla para la tabla `inventario_backup`
--

CREATE TABLE `inventario_backup` (
  `id` int(11) NOT NULL DEFAULT 0,
  `habitacion_id` int(11) DEFAULT NULL,
  `articulo_id` int(11) DEFAULT NULL,
  `cantidad` int(11) DEFAULT 0,
  `estado` enum('bueno','dañado','en_reparacion','perdido') DEFAULT 'bueno',
  `comentarios` text DEFAULT NULL,
  `codigo_barras` varchar(50) DEFAULT NULL
) ENGINE=InnoDB DEFAULT CHARSET=utf8mb4 COLLATE=utf8mb4_general_ci;

--
-- Volcado de datos para la tabla `inventario_backup`
--

INSERT INTO `inventario_backup` (`id`, `habitacion_id`, `articulo_id`, `cantidad`, `estado`, `comentarios`, `codigo_barras`) VALUES
(2, 1, 8, 1, 'bueno', '', 'HH-H103-EL-002'),
(3, 1, 9, 1, 'bueno', '', 'HH-H103-D-001'),
(4, 1, 12, 1, 'bueno', NULL, NULL),
(5, 1, 13, 1, 'bueno', '', 'HH-H103-EL-003'),
(6, 2, 2, 2, 'dañado', NULL, NULL),
(7, 2, 4, 1, 'bueno', 'Silla chica', 'HH-H104-M-002'),
(8, 2, 7, 2, 'bueno', NULL, NULL),
(9, 2, 8, 1, 'bueno', NULL, 'HH-H104-EL-002'),
(10, 2, 9, 1, 'bueno', NULL, 'HH-H104-D-001'),
(11, 2, 12, 1, 'bueno', NULL, NULL),
(12, 2, 13, 1, 'bueno', NULL, 'HH-H104-EL-003'),
(13, 3, 2, 2, 'dañado', NULL, NULL),
(14, 3, 4, 1, 'bueno', 'Silla mediana', 'HH-H105-M-002'),
(15, 3, 7, 2, 'bueno', NULL, NULL),
(16, 3, 8, 1, 'bueno', NULL, 'HH-H105-EL-002'),
(17, 3, 9, 1, 'bueno', NULL, 'HH-H105-D-001'),
(18, 3, 12, 1, 'bueno', NULL, NULL),
(19, 3, 13, 1, 'bueno', NULL, 'HH-H105-EL-003'),
(20, 4, 1, 1, 'bueno', NULL, NULL),
(21, 4, 2, 2, 'dañado', NULL, NULL),
(22, 4, 4, 1, 'bueno', 'Silla grande', 'HH-H106-M-002'),
(23, 4, 7, 2, 'bueno', NULL, NULL),
(24, 4, 8, 1, 'bueno', NULL, 'HH-H106-EL-002'),
(25, 4, 9, 1, 'bueno', NULL, 'HH-H106-D-001'),
(26, 4, 12, 1, 'bueno', NULL, NULL),
(27, 4, 13, 1, 'bueno', NULL, 'HH-H106-EL-003'),
(28, 5, 4, 1, 'bueno', 'Silla mediana', 'HH-H107-M-002'),
(29, 5, 7, 2, 'bueno', NULL, NULL),
(30, 5, 8, 1, 'bueno', NULL, 'HH-H107-EL-002'),
(31, 5, 9, 1, 'dañado', NULL, 'HH-H107-D-001'),
(32, 5, 12, 1, 'bueno', NULL, NULL),
(33, 5, 13, 1, 'bueno', NULL, 'HH-H107-EL-003'),
(34, 6, 2, 2, 'dañado', NULL, NULL),
(35, 6, 4, 1, 'bueno', 'Silla grande', 'HH-H108-M-002'),
(36, 6, 6, 1, 'bueno', 'Ganchos de diferentes tipos', NULL),
(37, 6, 7, 2, 'bueno', NULL, NULL),
(38, 6, 8, 1, 'bueno', NULL, 'HH-H108-EL-002'),
(39, 6, 9, 1, 'bueno', NULL, 'HH-H108-D-001'),
(40, 6, 12, 1, 'bueno', '', NULL),
(41, 6, 13, 1, 'bueno', NULL, 'HH-H108-EL-003'),
(42, 7, 1, 1, 'bueno', NULL, NULL),
(43, 7, 2, 2, 'dañado', '', NULL),
(44, 7, 4, 1, 'bueno', 'Silla mediana', 'HH-H109-M-002'),
(45, 7, 6, 1, 'bueno', 'Ganchos de diferentes tipos', NULL),
(46, 7, 7, 2, 'bueno', NULL, NULL),
(47, 7, 8, 1, 'bueno', NULL, 'HH-H109-EL-002'),
(48, 7, 9, 1, 'bueno', NULL, 'HH-H109-D-001'),
(49, 7, 11, 1, 'bueno', NULL, NULL),
(50, 7, 12, 1, 'bueno', NULL, NULL),
(51, 7, 13, 1, 'bueno', NULL, 'HH-H109-EL-003'),
(52, 8, 1, 1, 'bueno', NULL, NULL),
(53, 8, 2, 2, 'dañado', NULL, NULL),
(54, 8, 4, 1, 'bueno', 'Silla mediana', 'HH-H110-M-002'),
(55, 8, 7, 2, 'bueno', NULL, NULL),
(56, 8, 8, 1, 'bueno', NULL, 'HH-H110-EL-002'),
(57, 8, 9, 1, 'bueno', NULL, 'HH-H110-D-001'),
(58, 8, 12, 1, 'bueno', NULL, NULL),
(59, 8, 13, 1, 'bueno', NULL, 'HH-H110-EL-003'),
(67, 10, 2, 2, 'bueno', NULL, NULL),
(68, 10, 4, 1, 'bueno', 'Silla mediana', 'HH-H112-M-002'),
(69, 10, 7, 2, 'bueno', NULL, NULL),
(70, 10, 8, 1, 'bueno', NULL, 'HH-H112-EL-002'),
(71, 10, 10, 1, 'bueno', NULL, NULL),
(72, 10, 11, 1, 'bueno', NULL, NULL),
(73, 10, 12, 1, 'bueno', NULL, NULL),
(74, 10, 13, 1, 'bueno', NULL, 'HH-H112-EL-003'),
(105, 15, 2, 2, 'dañado', '', NULL),
(106, 15, 4, 1, 'bueno', 'Silla mediana', 'HH-H118-M-002'),
(107, 15, 6, 1, 'bueno', 'Ganchos de diferentes tipos', NULL),
(108, 15, 7, 2, 'bueno', '', NULL),
(109, 15, 8, 1, 'bueno', NULL, 'HH-H118-EL-002'),
(110, 15, 12, 1, 'bueno', NULL, NULL),
(111, 15, 13, 1, 'bueno', NULL, 'HH-H118-EL-003'),
(112, 16, 2, 2, 'bueno', NULL, NULL),
(113, 16, 4, 1, 'bueno', 'Silla mediana', 'HH-H119-M-002'),
(114, 16, 7, 2, 'bueno', NULL, NULL),
(115, 16, 8, 1, 'bueno', NULL, 'HH-H119-EL-002'),
(116, 16, 10, 1, 'bueno', NULL, NULL),
(117, 16, 12, 1, 'bueno', NULL, NULL),
(118, 16, 13, 1, 'bueno', NULL, 'HH-H119-EL-003'),
(119, 17, 2, 2, 'bueno', NULL, NULL),
(120, 17, 4, 1, 'bueno', 'Silla mediana', 'HH-H120-M-002'),
(121, 17, 7, 2, 'bueno', NULL, NULL),
(122, 17, 8, 1, 'bueno', NULL, 'HH-H120-EL-002'),
(123, 17, 12, 1, 'bueno', NULL, NULL),
(124, 17, 13, 1, 'bueno', NULL, 'HH-H120-EL-003'),
(132, 19, 2, 2, 'dañado', NULL, NULL),
(133, 19, 4, 1, 'bueno', 'Silla grande', 'HH-H122-M-002'),
(134, 19, 7, 2, 'bueno', NULL, NULL),
(135, 19, 8, 1, 'bueno', NULL, 'HH-H122-EL-002'),
(136, 19, 12, 1, 'bueno', NULL, NULL),
(137, 19, 13, 1, 'bueno', NULL, 'HH-H122-EL-003'),
(172, 20, 2, 2, 'dañado', NULL, NULL),
(173, 20, 4, 1, 'bueno', 'Silla mediana', 'HH-H123-M-002'),
(174, 20, 6, 1, 'bueno', 'Ganchos de diferentes tipos', NULL),
(175, 20, 7, 2, 'bueno', NULL, NULL),
(176, 20, 8, 1, 'bueno', NULL, 'HH-H123-EL-002'),
(177, 20, 12, 1, 'bueno', NULL, NULL),
(178, 20, 13, 1, 'bueno', NULL, 'HH-H123-EL-003'),
(179, 21, 2, 2, 'bueno', NULL, NULL),
(180, 21, 4, 1, 'bueno', 'Silla mediana', 'HH-H124-M-002'),
(181, 21, 7, 2, 'bueno', NULL, NULL),
(182, 21, 8, 1, 'bueno', NULL, 'HH-H124-EL-002'),
(183, 21, 10, 1, 'bueno', NULL, NULL),
(184, 21, 12, 1, 'bueno', NULL, NULL),
(185, 21, 13, 1, 'bueno', NULL, 'HH-H124-EL-003'),
(186, 22, 2, 2, 'bueno', NULL, NULL),
(187, 22, 4, 1, 'bueno', 'Silla mediana', 'HH-H125-M-002'),
(188, 22, 7, 2, 'bueno', NULL, NULL),
(189, 22, 8, 1, 'bueno', NULL, 'HH-H125-EL-002'),
(190, 22, 12, 1, 'bueno', NULL, NULL),
(191, 22, 13, 1, 'bueno', NULL, 'HH-H125-EL-003'),
(192, 23, 2, 2, 'dañado', NULL, NULL),
(193, 23, 4, 1, 'bueno', 'Silla mediana', 'HH-H126-M-002'),
(194, 23, 6, 1, 'bueno', 'Ganchos de diferentes tipos', NULL),
(195, 23, 7, 2, 'bueno', NULL, NULL),
(196, 23, 8, 1, 'bueno', NULL, 'HH-H126-EL-002'),
(197, 23, 12, 1, 'bueno', NULL, NULL),
(198, 23, 13, 1, 'bueno', NULL, 'HH-H126-EL-003'),
(199, 24, 2, 2, 'dañado', NULL, NULL),
(200, 24, 4, 1, 'bueno', 'Silla grande', 'HH-H127-M-002'),
(201, 24, 7, 2, 'bueno', NULL, NULL),
(202, 24, 8, 1, 'bueno', NULL, 'HH-H127-EL-002'),
(203, 24, 12, 1, 'bueno', NULL, NULL),
(204, 24, 13, 1, 'bueno', NULL, 'HH-H127-EL-003'),
(209, 1, 20, 1, 'bueno', NULL, NULL),
(210, 2, 20, 1, 'bueno', NULL, NULL),
(211, 3, 20, 1, 'bueno', NULL, NULL),
(212, 4, 20, 1, 'bueno', NULL, NULL),
(213, 5, 20, 1, 'bueno', NULL, NULL),
(214, 6, 20, 1, 'bueno', NULL, NULL),
(215, 7, 20, 1, 'bueno', NULL, NULL),
(216, 8, 20, 1, 'bueno', NULL, NULL),
(217, 10, 20, 1, 'bueno', NULL, NULL),
(218, 15, 20, 1, 'bueno', NULL, NULL),
(219, 16, 20, 1, 'bueno', NULL, NULL),
(220, 17, 20, 1, 'bueno', NULL, NULL),
(222, 19, 20, 1, 'bueno', NULL, NULL),
(223, 20, 20, 1, 'bueno', NULL, NULL),
(224, 21, 20, 1, 'bueno', NULL, NULL),
(225, 22, 20, 1, 'bueno', NULL, NULL),
(226, 23, 20, 1, 'bueno', NULL, NULL),
(227, 24, 20, 1, 'bueno', NULL, NULL),
(316, 1, 4, 1, 'bueno', 'Silla mediana', 'HH-H103-M-002'),
(344, 26, 2, 2, 'dañado', NULL, NULL),
(345, 26, 4, 1, 'bueno', 'Silla mediana', 'HH-H201-M-002'),
(346, 26, 7, 2, 'bueno', NULL, NULL),
(347, 26, 8, 1, 'bueno', NULL, 'HH-H201-EL-002'),
(348, 26, 12, 1, 'bueno', NULL, NULL),
(349, 26, 13, 1, 'bueno', NULL, 'HH-H201-EL-003'),
(428, 27, 2, 2, 'bueno', NULL, NULL),
(429, 27, 4, 1, 'bueno', 'Silla mediana', 'HH-H202-M-002'),
(430, 27, 6, 1, 'bueno', NULL, NULL),
(431, 27, 7, 2, 'bueno', NULL, NULL),
(432, 27, 8, 1, 'bueno', NULL, 'HH-H202-EL-002'),
(433, 27, 9, 1, 'bueno', NULL, 'HH-H202-D-001'),
(434, 27, 12, 1, 'bueno', NULL, NULL),
(435, 27, 20, 1, 'bueno', NULL, NULL),
(436, 28, 2, 2, 'dañado', NULL, NULL),
(437, 28, 4, 1, 'bueno', 'Silla mediana', 'HH-H203-M-002'),
(438, 28, 6, 1, 'bueno', NULL, NULL),
(439, 28, 7, 2, 'bueno', NULL, NULL),
(440, 28, 8, 1, 'bueno', NULL, 'HH-H203-EL-002'),
(441, 28, 12, 1, 'bueno', NULL, NULL),
(442, 28, 13, 1, 'bueno', NULL, 'HH-H203-EL-003'),
(443, 28, 20, 1, 'bueno', NULL, NULL),
(444, 29, 2, 2, 'bueno', NULL, NULL),
(445, 29, 4, 1, 'bueno', 'Silla mediana', 'HH-H204-M-002'),
(446, 29, 6, 1, 'bueno', NULL, NULL),
(447, 29, 7, 2, 'bueno', NULL, NULL),
(448, 29, 8, 1, 'bueno', NULL, 'HH-H204-EL-002'),
(449, 29, 11, 1, 'bueno', NULL, NULL),
(450, 29, 12, 1, 'bueno', NULL, NULL),
(451, 29, 13, 1, 'bueno', NULL, 'HH-H204-EL-003'),
(452, 29, 20, 1, 'bueno', NULL, NULL),
(453, 30, 2, 2, 'dañado', NULL, NULL),
(454, 30, 4, 1, 'bueno', 'Silla mediana', 'HH-H205-M-002'),
(455, 30, 7, 2, 'bueno', NULL, NULL),
(456, 30, 8, 1, 'bueno', NULL, 'HH-H205-EL-002'),
(457, 30, 12, 1, 'bueno', NULL, NULL),
(458, 30, 13, 1, 'bueno', NULL, 'HH-H205-EL-003'),
(459, 30, 20, 1, 'bueno', NULL, NULL),
(460, 31, 2, 2, 'bueno', NULL, NULL),
(461, 31, 4, 1, 'bueno', 'Silla grande', 'HH-H206-M-002'),
(462, 31, 7, 2, 'bueno', NULL, NULL),
(463, 31, 8, 1, 'bueno', NULL, 'HH-H206-EL-002'),
(464, 31, 12, 1, 'bueno', NULL, NULL),
(465, 31, 13, 1, 'bueno', NULL, 'HH-H206-EL-003'),
(466, 31, 20, 1, 'bueno', NULL, NULL),
(467, 32, 2, 2, 'dañado', NULL, NULL),
(468, 32, 4, 1, 'bueno', 'Silla mediana', 'HH-H207-M-002'),
(469, 32, 7, 2, 'bueno', NULL, NULL),
(470, 32, 8, 1, 'bueno', NULL, 'HH-H207-EL-002'),
(471, 32, 11, 1, 'bueno', NULL, NULL),
(472, 32, 12, 1, 'bueno', NULL, NULL),
(473, 32, 13, 1, 'bueno', NULL, 'HH-H207-EL-003'),
(474, 32, 20, 1, 'bueno', NULL, NULL),
(475, 33, 2, 2, 'dañado', NULL, NULL),
(476, 33, 4, 1, 'bueno', 'Silla mediana', 'HH-H208-M-002'),
(477, 33, 7, 2, 'bueno', NULL, NULL),
(478, 33, 8, 1, 'bueno', NULL, 'HH-H208-EL-002'),
(479, 33, 9, 1, 'bueno', NULL, 'HH-H208-D-001'),
(480, 33, 12, 1, 'bueno', NULL, NULL),
(481, 33, 13, 1, 'bueno', NULL, 'HH-H208-EL-003'),
(482, 33, 20, 1, 'bueno', NULL, NULL),
(483, 34, 2, 2, 'dañado', NULL, NULL),
(484, 34, 6, 1, 'bueno', NULL, NULL),
(485, 34, 7, 2, 'bueno', NULL, NULL),
(486, 34, 8, 1, 'bueno', NULL, 'HH-H209-EL-002'),
(487, 34, 12, 1, 'bueno', NULL, NULL),
(488, 34, 13, 1, 'bueno', NULL, 'HH-H209-EL-003'),
(489, 34, 20, 1, 'bueno', NULL, NULL),
(490, 35, 1, 1, 'bueno', NULL, NULL),
(491, 35, 2, 2, 'dañado', NULL, NULL),
(492, 35, 4, 1, 'bueno', 'Silla mediana', 'HH-H210-M-002'),
(493, 35, 7, 2, 'bueno', NULL, NULL),
(494, 35, 8, 1, 'bueno', NULL, 'HH-H210-EL-002'),
(495, 35, 11, 1, 'bueno', NULL, NULL),
(496, 35, 12, 1, 'bueno', NULL, NULL),
(497, 35, 13, 1, 'bueno', NULL, 'HH-H210-EL-003'),
(498, 35, 20, 1, 'dañado', NULL, NULL),
(499, 42, 2, 2, 'dañado', NULL, NULL),
(500, 42, 4, 1, 'bueno', 'Silla grande', 'HH-H218-M-002'),
(501, 42, 7, 2, 'bueno', NULL, NULL),
(502, 42, 8, 1, 'bueno', NULL, 'HH-H218-EL-002'),
(503, 42, 12, 1, 'bueno', NULL, NULL),
(504, 42, 13, 1, 'bueno', NULL, 'HH-H218-EL-003'),
(505, 42, 20, 1, 'bueno', NULL, NULL),
(506, 43, 2, 2, 'dañado', NULL, NULL),
(507, 43, 4, 1, 'bueno', 'Silla mediana', 'HH-H219-M-002'),
(508, 43, 7, 2, 'bueno', NULL, NULL),
(509, 43, 8, 1, 'bueno', NULL, 'HH-H219-EL-002'),
(510, 43, 12, 1, 'bueno', NULL, NULL),
(511, 43, 13, 1, 'bueno', NULL, 'HH-H219-EL-003'),
(512, 43, 20, 1, 'bueno', NULL, NULL),
(513, 44, 2, 2, 'bueno', NULL, NULL),
(514, 44, 4, 1, 'bueno', 'Silla mediana', 'HH-H220-M-002'),
(515, 44, 7, 2, 'bueno', NULL, NULL),
(516, 44, 8, 1, 'bueno', NULL, 'HH-H220-EL-002'),
(517, 44, 12, 1, 'bueno', NULL, NULL),
(518, 44, 13, 1, 'bueno', NULL, 'HH-H220-EL-003'),
(519, 44, 20, 1, 'bueno', NULL, NULL),
(520, 45, 1, 1, 'bueno', NULL, NULL),
(521, 45, 2, 2, 'dañado', NULL, NULL),
(522, 45, 4, 1, 'bueno', 'Silla mediana', 'HH-H221-M-002'),
(523, 45, 7, 2, 'bueno', NULL, NULL),
(524, 45, 8, 1, 'bueno', NULL, 'HH-H221-EL-002'),
(525, 45, 11, 1, 'bueno', NULL, NULL),
(526, 45, 12, 1, 'bueno', NULL, NULL),
(527, 45, 13, 1, 'bueno', NULL, 'HH-H221-EL-003'),
(528, 45, 20, 1, 'bueno', NULL, NULL),
(529, 46, 2, 2, 'bueno', NULL, NULL),
(530, 46, 4, 1, 'bueno', 'Silla mediana', 'HH-H222-M-002'),
(531, 46, 7, 2, 'bueno', NULL, NULL),
(532, 46, 8, 1, 'bueno', NULL, 'HH-H222-EL-002'),
(533, 46, 12, 1, 'bueno', NULL, NULL),
(534, 46, 13, 1, 'bueno', NULL, 'HH-H222-EL-003'),
(535, 46, 20, 1, 'bueno', NULL, NULL),
(536, 47, 2, 2, 'bueno', NULL, NULL),
(537, 47, 4, 1, 'bueno', 'Silla mediana', 'HH-H223-M-002'),
(538, 47, 7, 2, 'bueno', NULL, NULL),
(539, 47, 12, 1, 'bueno', NULL, NULL),
(540, 47, 13, 1, 'bueno', NULL, 'HH-H223-EL-003'),
(541, 47, 20, 1, 'bueno', NULL, NULL),
(542, 48, 2, 2, 'dañado', NULL, NULL),
(543, 48, 4, 1, 'bueno', 'Silla grande', 'HH-H224-M-002'),
(544, 48, 6, 1, 'bueno', NULL, NULL),
(545, 48, 7, 2, 'bueno', NULL, NULL),
(546, 48, 8, 1, 'bueno', NULL, 'HH-H224-EL-002'),
(547, 48, 12, 1, 'bueno', NULL, NULL),
(548, 48, 13, 1, 'bueno', NULL, 'HH-H224-EL-003'),
(549, 48, 20, 1, 'bueno', NULL, NULL),
(550, 49, 2, 2, 'bueno', NULL, NULL),
(551, 49, 4, 1, 'bueno', 'Silla mediana', 'HH-H225-M-002'),
(552, 49, 7, 2, 'bueno', NULL, NULL),
(553, 49, 8, 1, 'bueno', NULL, 'HH-H225-EL-002'),
(554, 49, 12, 1, 'bueno', NULL, NULL),
(555, 49, 13, 1, 'bueno', NULL, 'HH-H225-EL-003'),
(556, 49, 20, 1, 'bueno', NULL, NULL),
(557, 50, 2, 2, 'bueno', NULL, NULL),
(558, 50, 4, 1, 'bueno', 'Silla mediana', 'HH-H226-M-002'),
(559, 50, 6, 1, 'bueno', NULL, NULL),
(560, 50, 7, 2, 'bueno', NULL, NULL),
(561, 50, 8, 1, 'bueno', NULL, 'HH-H226-EL-002'),
(562, 50, 12, 1, 'bueno', NULL, NULL),
(563, 50, 13, 1, 'bueno', NULL, 'HH-H226-EL-003'),
(564, 50, 20, 1, 'bueno', NULL, NULL),
(565, 51, 2, 2, 'dañado', NULL, NULL),
(566, 51, 4, 1, 'bueno', 'Silla chica', 'HH-H227-M-002'),
(567, 51, 6, 1, 'bueno', NULL, NULL),
(568, 51, 7, 2, 'bueno', NULL, NULL),
(569, 51, 8, 1, 'bueno', NULL, 'HH-H227-EL-002'),
(570, 51, 12, 1, 'bueno', NULL, NULL),
(571, 51, 13, 1, 'bueno', NULL, 'HH-H227-EL-003'),
(572, 51, 20, 1, 'bueno', NULL, NULL),
(690, 52, 2, 2, 'dañado', NULL, NULL),
(691, 52, 4, 1, 'bueno', 'Silla chica', NULL),
(692, 52, 7, 2, 'bueno', NULL, NULL),
(693, 52, 8, 1, 'bueno', NULL, NULL),
(694, 52, 12, 1, 'bueno', NULL, NULL),
(695, 52, 13, 1, 'bueno', NULL, NULL),
(696, 53, 2, 2, 'bueno', NULL, NULL),
(697, 53, 4, 1, 'bueno', 'Silla mediana', NULL),
(698, 53, 6, 1, 'bueno', NULL, NULL),
(699, 53, 7, 2, 'bueno', NULL, NULL),
(700, 53, 8, 1, 'bueno', NULL, NULL),
(701, 53, 12, 1, 'bueno', NULL, NULL),
(702, 53, 13, 1, 'bueno', NULL, NULL),
(703, 53, 20, 1, 'bueno', NULL, NULL),
(704, 54, 1, 1, 'bueno', NULL, NULL),
(705, 54, 2, 2, 'bueno', NULL, NULL),
(706, 54, 4, 1, 'bueno', 'Silla mediana', NULL),
(707, 54, 6, 1, 'bueno', NULL, NULL),
(708, 54, 7, 2, 'bueno', NULL, NULL),
(709, 54, 8, 1, 'bueno', NULL, NULL),
(710, 54, 12, 1, 'bueno', NULL, NULL),
(711, 54, 13, 1, 'bueno', NULL, NULL),
(712, 54, 20, 1, 'bueno', NULL, NULL),
(713, 55, 2, 2, 'dañado', NULL, NULL),
(714, 55, 4, 1, 'bueno', 'Silla chica', NULL),
(715, 55, 7, 2, 'bueno', NULL, NULL),
(716, 55, 8, 1, 'bueno', NULL, NULL),
(717, 55, 11, 1, 'bueno', NULL, NULL),
(718, 55, 12, 1, 'bueno', NULL, NULL),
(719, 55, 13, 1, 'bueno', NULL, NULL),
(720, 55, 20, 1, 'dañado', NULL, NULL),
(721, 56, 2, 2, 'dañado', NULL, NULL),
(722, 56, 4, 1, 'bueno', 'Silla mediana', NULL),
(723, 56, 6, 1, 'bueno', NULL, NULL),
(724, 56, 7, 2, 'bueno', NULL, NULL),
(725, 56, 8, 1, 'bueno', NULL, NULL),
(726, 56, 12, 1, 'bueno', NULL, NULL),
(727, 56, 13, 1, 'bueno', NULL, NULL),
(728, 56, 20, 1, 'dañado', NULL, NULL),
(729, 57, 2, 2, 'bueno', NULL, NULL),
(730, 57, 4, 1, 'bueno', 'Silla mediana', NULL),
(731, 57, 7, 2, 'bueno', NULL, NULL),
(732, 57, 8, 1, 'bueno', NULL, NULL),
(733, 57, 13, 1, 'bueno', NULL, NULL),
(734, 57, 20, 1, 'bueno', NULL, NULL),
(735, 58, 2, 2, 'bueno', NULL, NULL),
(736, 58, 4, 1, 'bueno', 'Silla mediana', NULL),
(737, 58, 6, 1, 'bueno', NULL, NULL),
(738, 58, 7, 2, 'bueno', NULL, NULL),
(739, 58, 8, 1, 'bueno', NULL, NULL),
(740, 58, 11, 1, 'bueno', NULL, NULL),
(741, 58, 12, 1, 'bueno', NULL, NULL),
(742, 58, 13, 1, 'bueno', NULL, NULL),
(743, 58, 20, 1, 'bueno', NULL, NULL),
(744, 59, 2, 2, 'bueno', NULL, NULL),
(745, 59, 4, 1, 'bueno', 'Silla mediana', NULL),
(746, 59, 6, 1, 'bueno', NULL, NULL),
(747, 59, 7, 2, 'bueno', NULL, NULL),
(748, 59, 8, 1, 'bueno', NULL, NULL),
(749, 59, 11, 1, 'bueno', NULL, NULL),
(750, 59, 12, 1, 'bueno', NULL, NULL),
(751, 59, 13, 1, 'bueno', NULL, NULL),
(752, 59, 20, 1, 'bueno', NULL, NULL),
(753, 60, 2, 2, 'bueno', NULL, NULL),
(754, 60, 4, 1, 'bueno', 'Silla chica', NULL),
(755, 60, 6, 1, 'bueno', NULL, NULL),
(756, 60, 7, 2, 'bueno', NULL, NULL),
(757, 60, 8, 1, 'bueno', NULL, NULL),
(758, 60, 11, 1, 'bueno', NULL, NULL),
(759, 60, 12, 1, 'bueno', NULL, NULL),
(760, 60, 13, 1, 'bueno', NULL, NULL),
(761, 60, 20, 1, 'dañado', NULL, NULL),
(762, 61, 2, 2, 'bueno', NULL, NULL),
(763, 61, 4, 1, 'bueno', 'Silla chica', NULL),
(764, 61, 6, 1, 'bueno', NULL, NULL),
(765, 61, 7, 2, 'bueno', NULL, NULL),
(766, 61, 8, 1, 'bueno', NULL, NULL),
(767, 61, 12, 1, 'bueno', NULL, NULL),
(768, 61, 13, 1, 'bueno', NULL, NULL),
(769, 61, 20, 1, 'dañado', NULL, NULL),
(770, 68, 2, 2, 'bueno', NULL, NULL),
(771, 68, 4, 1, 'bueno', 'Silla mediana', NULL),
(772, 68, 6, 1, 'bueno', NULL, NULL),
(773, 68, 7, 2, 'bueno', NULL, NULL),
(774, 68, 8, 1, 'bueno', NULL, NULL),
(775, 68, 12, 1, 'bueno', NULL, NULL),
(776, 68, 13, 1, 'bueno', NULL, NULL),
(777, 68, 20, 1, 'bueno', NULL, NULL),
(778, 69, 2, 2, 'bueno', NULL, NULL),
(779, 69, 4, 1, 'bueno', 'Silla mediana', NULL),
(780, 69, 7, 2, 'bueno', NULL, NULL),
(781, 69, 8, 1, 'bueno', NULL, NULL),
(782, 69, 11, 1, 'bueno', NULL, NULL),
(783, 69, 12, 1, 'bueno', NULL, NULL),
(784, 69, 13, 1, 'bueno', NULL, NULL),
(785, 69, 20, 1, 'bueno', NULL, NULL),
(786, 70, 2, 2, 'bueno', NULL, NULL),
(787, 70, 4, 1, 'bueno', 'Silla chica', NULL),
(788, 70, 6, 1, 'bueno', NULL, NULL),
(789, 70, 7, 2, 'bueno', NULL, NULL),
(790, 70, 8, 1, 'bueno', NULL, NULL),
(791, 70, 12, 1, 'bueno', NULL, NULL),
(792, 70, 13, 1, 'bueno', NULL, NULL),
(793, 70, 20, 1, 'bueno', NULL, NULL),
(794, 71, 2, 2, 'bueno', NULL, NULL),
(795, 71, 4, 1, 'bueno', 'Silla mediana', NULL),
(796, 71, 7, 2, 'bueno', NULL, NULL),
(797, 71, 8, 1, 'bueno', NULL, NULL),
(798, 71, 11, 1, 'bueno', NULL, NULL),
(799, 71, 12, 1, 'bueno', NULL, NULL),
(800, 71, 13, 1, 'bueno', NULL, NULL),
(801, 71, 20, 1, 'bueno', NULL, NULL),
(802, 72, 2, 2, 'dañado', NULL, NULL),
(803, 72, 4, 1, 'bueno', 'Silla mediana', NULL),
(804, 72, 6, 1, 'bueno', NULL, NULL),
(805, 72, 7, 2, 'bueno', NULL, NULL),
(806, 72, 8, 1, 'bueno', NULL, NULL),
(807, 72, 12, 1, 'bueno', NULL, NULL),
(808, 72, 13, 1, 'bueno', NULL, NULL),
(809, 72, 20, 1, 'bueno', NULL, NULL),
(810, 73, 2, 2, 'bueno', NULL, NULL),
(811, 73, 4, 1, 'bueno', 'Silla mediana', NULL),
(812, 73, 6, 1, 'bueno', NULL, NULL),
(813, 73, 7, 2, 'bueno', NULL, NULL),
(814, 73, 8, 1, 'bueno', NULL, NULL),
(815, 73, 12, 1, 'bueno', NULL, NULL),
(816, 73, 13, 1, 'bueno', NULL, NULL),
(817, 73, 20, 1, 'bueno', NULL, NULL),
(818, 74, 2, 2, 'dañado', NULL, NULL),
(819, 74, 4, 1, 'bueno', 'Silla mediana', NULL),
(820, 74, 7, 2, 'bueno', NULL, NULL),
(821, 74, 8, 1, 'bueno', NULL, NULL),
(822, 74, 12, 1, 'bueno', NULL, NULL),
(823, 74, 13, 1, 'bueno', NULL, NULL),
(824, 74, 20, 1, 'dañado', NULL, NULL),
(825, 75, 2, 2, 'bueno', NULL, NULL),
(826, 75, 4, 1, 'bueno', 'Silla mediana', NULL),
(827, 75, 7, 2, 'bueno', NULL, NULL),
(828, 75, 8, 1, 'bueno', NULL, NULL),
(829, 75, 12, 1, 'bueno', NULL, NULL),
(830, 75, 13, 1, 'bueno', NULL, NULL),
(831, 75, 20, 1, 'bueno', NULL, NULL),
(832, 76, 2, 2, 'bueno', NULL, NULL),
(833, 76, 4, 1, 'bueno', 'Silla chica', NULL),
(834, 76, 6, 1, 'bueno', NULL, NULL),
(835, 76, 7, 2, 'bueno', NULL, NULL),
(836, 76, 8, 1, 'bueno', NULL, NULL),
(837, 76, 12, 1, 'bueno', NULL, NULL),
(838, 76, 13, 1, 'bueno', NULL, NULL),
(839, 76, 20, 1, 'bueno', NULL, NULL),
(840, 77, 2, 2, 'bueno', NULL, NULL),
(841, 77, 4, 1, 'bueno', 'Silla mediana', NULL),
(842, 77, 6, 1, 'bueno', NULL, NULL),
(843, 77, 7, 2, 'bueno', NULL, NULL),
(844, 77, 8, 1, 'bueno', NULL, NULL),
(845, 77, 11, 1, 'bueno', NULL, NULL),
(846, 77, 12, 1, 'bueno', NULL, NULL),
(847, 77, 13, 1, 'bueno', NULL, NULL),
(849, 104, 1, 1, 'bueno', NULL, NULL),
(850, 104, 2, 2, 'dañado', NULL, NULL),
(851, 104, 4, 1, 'bueno', 'Silla chica', 'HH-H111-M-002'),
(852, 104, 7, 2, 'bueno', NULL, NULL),
(853, 104, 8, 1, 'bueno', NULL, 'HH-H111-EL-002'),
(854, 104, 9, 1, 'bueno', NULL, 'HH-H111-D-001'),
(855, 104, 11, 1, 'bueno', NULL, NULL),
(856, 104, 12, 1, 'bueno', NULL, NULL),
(857, 104, 13, 1, 'bueno', NULL, 'HH-H111-EL-003'),
(858, 104, 20, 1, 'bueno', NULL, NULL),
(859, 11, 2, 2, 'dañado', NULL, NULL),
(860, 11, 4, 1, 'bueno', 'Silla grande', 'HH-H114-M-002'),
(861, 11, 6, 1, 'bueno', NULL, NULL),
(862, 11, 7, 2, 'bueno', NULL, NULL),
(863, 11, 8, 1, 'bueno', NULL, 'HH-H114-EL-002'),
(864, 11, 9, 1, 'bueno', NULL, 'HH-H114-D-001'),
(865, 11, 12, 1, 'bueno', NULL, NULL),
(866, 11, 13, 1, 'bueno', NULL, 'HH-H114-EL-003'),
(867, 11, 20, 1, 'bueno', NULL, NULL),
(868, 12, 1, 1, 'bueno', NULL, NULL),
(869, 12, 2, 2, 'dañado', NULL, NULL),
(870, 12, 4, 1, 'bueno', 'Silla mediana', 'HH-H115-M-002'),
(871, 12, 6, 1, 'bueno', NULL, NULL),
(872, 12, 7, 2, 'bueno', NULL, NULL),
(873, 12, 8, 1, 'bueno', NULL, 'HH-H115-EL-002'),
(874, 12, 9, 1, 'bueno', NULL, 'HH-H115-D-001'),
(875, 12, 11, 1, 'bueno', NULL, NULL),
(876, 12, 12, 1, 'bueno', NULL, NULL),
(877, 12, 13, 1, 'bueno', NULL, 'HH-H115-EL-003'),
(878, 12, 20, 1, 'dañado', NULL, NULL),
(879, 13, 1, 1, 'bueno', NULL, NULL),
(880, 13, 2, 2, 'bueno', NULL, NULL),
(881, 13, 4, 1, 'bueno', 'Silla mediana', 'HH-H116-M-002'),
(882, 13, 6, 1, 'bueno', NULL, NULL),
(883, 13, 7, 2, 'bueno', NULL, NULL),
(884, 13, 8, 1, 'bueno', NULL, 'HH-H116-EL-002'),
(885, 13, 9, 1, 'bueno', NULL, 'HH-H116-D-001'),
(886, 13, 10, 1, 'bueno', NULL, NULL),
(887, 13, 12, 1, 'bueno', NULL, NULL),
(888, 13, 13, 1, 'bueno', NULL, 'HH-H116-EL-003'),
(889, 13, 20, 1, 'bueno', NULL, NULL),
(890, 14, 2, 2, 'dañado', NULL, NULL),
(891, 14, 4, 1, 'bueno', 'Silla mediana', 'HH-H117-M-002'),
(892, 14, 6, 1, 'bueno', NULL, NULL),
(893, 14, 7, 2, 'bueno', NULL, NULL),
(894, 14, 8, 1, 'bueno', NULL, 'HH-H117-EL-002'),
(895, 14, 12, 1, 'bueno', NULL, NULL),
(896, 14, 13, 1, 'bueno', NULL, 'HH-H117-EL-003'),
(897, 14, 20, 1, 'bueno', NULL, NULL),
(898, 18, 2, 2, 'bueno', NULL, NULL),
(899, 18, 4, 1, 'bueno', 'Silla mediana', 'HH-H121-M-002'),
(900, 18, 6, 1, 'bueno', NULL, NULL),
(901, 18, 7, 2, 'bueno', NULL, NULL),
(902, 18, 8, 1, 'bueno', NULL, 'HH-H121-EL-002'),
(903, 18, 9, 1, 'bueno', NULL, 'HH-H121-D-001'),
(904, 18, 11, 1, 'bueno', NULL, NULL),
(905, 18, 12, 1, 'bueno', NULL, NULL),
(906, 18, 13, 1, 'bueno', NULL, 'HH-H121-EL-003'),
(907, 18, 20, 1, 'bueno', NULL, NULL),
(908, 18, 21, 1, 'bueno', NULL, NULL),
(909, 36, 2, 2, 'bueno', NULL, NULL),
(910, 36, 4, 1, 'bueno', 'Silla chica', 'HH-H211-M-002'),
(911, 36, 6, 1, 'bueno', NULL, NULL),
(912, 36, 7, 2, 'bueno', NULL, NULL),
(913, 36, 8, 1, 'bueno', NULL, 'HH-H211-EL-002'),
(914, 36, 9, 1, 'bueno', NULL, 'HH-H211-D-001'),
(915, 36, 11, 1, 'dañado', NULL, NULL),
(916, 36, 12, 1, 'bueno', NULL, NULL),
(917, 36, 13, 1, 'bueno', NULL, 'HH-H211-EL-003'),
(918, 36, 20, 1, 'bueno', NULL, NULL),
(919, 37, 2, 2, 'bueno', NULL, NULL),
(920, 37, 4, 1, 'bueno', 'Silla mediana', 'HH-H212-M-002'),
(921, 37, 6, 1, 'bueno', NULL, NULL),
(922, 37, 7, 2, 'bueno', NULL, NULL),
(923, 37, 8, 1, 'bueno', NULL, 'HH-H212-EL-002'),
(924, 37, 9, 1, 'bueno', NULL, 'HH-H212-D-001'),
(925, 37, 11, 1, 'bueno', NULL, NULL),
(926, 37, 12, 1, 'bueno', NULL, NULL),
(927, 37, 13, 1, 'bueno', NULL, 'HH-H212-EL-003'),
(928, 37, 20, 1, 'bueno', NULL, NULL),
(929, 38, 2, 2, 'bueno', NULL, NULL),
(930, 38, 4, 1, 'bueno', 'Silla chica', 'HH-H214-M-002'),
(931, 38, 6, 1, 'bueno', NULL, NULL),
(932, 38, 7, 2, 'bueno', NULL, NULL),
(933, 38, 8, 1, 'bueno', NULL, 'HH-H214-EL-002'),
(934, 38, 9, 1, 'bueno', NULL, 'HH-H214-D-001'),
(935, 38, 12, 1, 'bueno', NULL, NULL),
(936, 38, 13, 1, 'bueno', NULL, 'HH-H214-EL-003'),
(937, 38, 20, 1, 'bueno', NULL, NULL),
(938, 38, 21, 1, 'bueno', NULL, NULL),
(939, 40, 2, 2, 'bueno', NULL, NULL),
(940, 40, 4, 1, 'bueno', 'Silla mediana', 'HH-H216-M-002'),
(941, 40, 6, 1, 'bueno', NULL, NULL),
(942, 40, 7, 2, 'bueno', NULL, NULL),
(943, 40, 8, 1, 'bueno', NULL, 'HH-H216-EL-002'),
(944, 40, 9, 1, 'bueno', NULL, 'HH-H216-D-001'),
(945, 40, 12, 1, 'bueno', NULL, NULL),
(946, 40, 13, 1, 'bueno', NULL, 'HH-H216-EL-003'),
(947, 40, 20, 1, 'bueno', NULL, NULL),
(948, 41, 1, 1, 'bueno', NULL, NULL),
(949, 41, 2, 2, 'bueno', NULL, NULL),
(950, 41, 4, 1, 'bueno', 'Silla mediana', 'HH-H217-M-002'),
(951, 41, 6, 1, 'bueno', NULL, NULL),
(952, 41, 7, 2, 'bueno', NULL, NULL),
(953, 41, 8, 1, 'bueno', NULL, 'HH-H217-EL-002'),
(954, 41, 10, 1, 'bueno', NULL, NULL),
(955, 41, 11, 1, 'bueno', NULL, NULL),
(956, 41, 12, 1, 'bueno', NULL, NULL),
(957, 41, 13, 1, 'bueno', NULL, 'HH-H217-EL-003'),
(958, 41, 20, 1, 'bueno', NULL, NULL),
(959, 62, 1, 1, 'bueno', NULL, NULL),
(960, 62, 2, 2, 'bueno', NULL, NULL),
(961, 62, 4, 1, 'bueno', 'Silla mediana', NULL),
(962, 62, 6, 1, 'bueno', NULL, NULL),
(963, 62, 7, 2, 'bueno', NULL, NULL),
(964, 62, 8, 1, 'bueno', NULL, NULL),
(965, 62, 9, 1, 'bueno', NULL, NULL),
(966, 62, 11, 1, 'bueno', NULL, NULL),
(967, 62, 12, 1, 'bueno', NULL, NULL),
(968, 62, 13, 1, 'bueno', NULL, NULL),
(969, 62, 20, 1, 'bueno', NULL, NULL),
(970, 63, 2, 2, 'bueno', NULL, NULL),
(971, 63, 4, 1, 'bueno', 'Silla mediana', NULL),
(972, 63, 6, 1, 'bueno', NULL, NULL),
(973, 63, 7, 2, 'bueno', NULL, NULL),
(974, 63, 8, 1, 'bueno', NULL, NULL),
(975, 63, 11, 1, 'bueno', NULL, NULL),
(976, 63, 12, 1, 'bueno', NULL, NULL),
(977, 63, 13, 1, 'bueno', NULL, NULL),
(978, 63, 20, 1, 'dañado', NULL, NULL),
(979, 63, 21, 1, 'bueno', NULL, NULL),
(980, 64, 1, 1, 'bueno', NULL, NULL),
(981, 64, 2, 2, 'bueno', NULL, NULL),
(982, 64, 4, 1, 'bueno', 'Silla chica', NULL),
(983, 64, 7, 2, 'bueno', NULL, NULL),
(984, 64, 8, 1, 'bueno', NULL, NULL),
(985, 64, 9, 1, 'bueno', NULL, NULL),
(986, 64, 12, 1, 'bueno', NULL, NULL),
(987, 64, 13, 1, 'bueno', NULL, NULL),
(988, 64, 20, 1, 'bueno', NULL, NULL),
(989, 64, 21, 1, 'bueno', NULL, NULL),
(990, 66, 2, 2, 'dañado', NULL, NULL),
(991, 66, 4, 1, 'bueno', 'Silla chica', NULL),
(992, 66, 6, 1, 'bueno', NULL, NULL),
(993, 66, 7, 2, 'bueno', NULL, NULL),
(994, 66, 8, 1, 'bueno', NULL, NULL),
(995, 66, 9, 1, 'bueno', NULL, NULL),
(996, 66, 11, 1, 'bueno', NULL, NULL),
(997, 66, 12, 1, 'bueno', NULL, NULL),
(998, 66, 13, 1, 'bueno', NULL, NULL),
(999, 66, 20, 1, 'bueno', NULL, NULL),
(1000, 66, 21, 1, 'bueno', NULL, NULL),
(1001, 67, 2, 2, 'bueno', NULL, NULL),
(1002, 67, 4, 1, 'bueno', 'Silla chica', NULL),
(1003, 67, 6, 1, 'bueno', NULL, NULL),
(1004, 67, 7, 2, 'bueno', NULL, NULL),
(1005, 67, 8, 1, 'bueno', NULL, NULL),
(1006, 67, 9, 1, 'bueno', NULL, NULL),
(1007, 67, 12, 1, 'bueno', NULL, NULL),
(1008, 67, 13, 1, 'bueno', NULL, NULL),
(1009, 67, 20, 1, 'bueno', NULL, NULL),
(1010, 88, 2, 2, 'bueno', NULL, NULL),
(1011, 88, 4, 1, 'bueno', 'Silla mediana', NULL),
(1012, 88, 6, 1, 'bueno', NULL, NULL),
(1013, 88, 7, 2, 'bueno', NULL, NULL),
(1014, 88, 8, 1, 'bueno', NULL, NULL),
(1015, 88, 10, 1, 'bueno', NULL, NULL),
(1016, 88, 11, 1, 'bueno', NULL, NULL),
(1017, 88, 12, 1, 'bueno', NULL, NULL),
(1018, 88, 13, 1, 'bueno', NULL, NULL),
(1019, 88, 20, 1, 'bueno', NULL, NULL),
(1020, 89, 2, 2, 'dañado', NULL, NULL),
(1021, 89, 4, 1, 'bueno', 'Silla chica', NULL),
(1022, 89, 6, 1, 'bueno', NULL, NULL),
(1023, 89, 7, 2, 'bueno', NULL, NULL),
(1024, 89, 8, 1, 'bueno', NULL, NULL),
(1025, 89, 10, 1, 'bueno', NULL, NULL),
(1026, 89, 12, 1, 'bueno', NULL, NULL),
(1027, 89, 13, 1, 'bueno', NULL, NULL),
(1028, 89, 20, 1, 'bueno', NULL, NULL),
(1029, 89, 21, 1, 'bueno', NULL, NULL),
(1030, 90, 2, 2, 'bueno', NULL, NULL),
(1031, 90, 4, 1, 'bueno', 'Silla mediana', NULL),
(1032, 90, 6, 1, 'bueno', NULL, NULL),
(1033, 90, 7, 2, 'bueno', NULL, NULL),
(1034, 90, 8, 1, 'bueno', NULL, NULL),
(1035, 90, 11, 1, 'dañado', NULL, NULL),
(1036, 90, 12, 1, 'bueno', NULL, NULL),
(1037, 90, 13, 1, 'bueno', NULL, NULL),
(1038, 90, 20, 1, 'dañado', NULL, NULL),
(1039, 90, 21, 1, 'bueno', NULL, NULL),
(1040, 91, 1, 1, 'bueno', NULL, NULL),
(1041, 91, 2, 2, 'bueno', NULL, NULL),
(1042, 91, 4, 1, 'bueno', 'Silla mediana', NULL),
(1043, 91, 6, 1, 'bueno', NULL, NULL),
(1044, 91, 7, 2, 'bueno', NULL, NULL),
(1045, 91, 8, 1, 'bueno', NULL, NULL),
(1046, 91, 11, 1, 'bueno', NULL, NULL),
(1047, 91, 12, 1, 'bueno', NULL, NULL),
(1048, 91, 13, 1, 'bueno', NULL, NULL),
(1049, 91, 20, 1, 'bueno', NULL, NULL),
(1050, 91, 21, 1, 'bueno', NULL, NULL),
(1051, 92, 2, 2, 'bueno', NULL, NULL),
(1052, 92, 4, 1, 'bueno', 'Silla mediana', NULL),
(1053, 92, 6, 1, 'bueno', NULL, NULL),
(1054, 92, 7, 2, 'bueno', NULL, NULL),
(1055, 92, 8, 1, 'bueno', NULL, NULL),
(1056, 92, 11, 1, 'bueno', NULL, NULL),
(1057, 92, 12, 1, 'bueno', NULL, NULL),
(1058, 92, 13, 1, 'bueno', NULL, NULL),
(1059, 92, 20, 1, 'dañado', NULL, NULL),
(1060, 92, 21, 1, 'bueno', NULL, NULL),
(1061, 93, 2, 2, 'dañado', NULL, NULL),
(1062, 93, 4, 1, 'bueno', 'Silla mediana', NULL),
(1063, 93, 6, 1, 'bueno', NULL, NULL),
(1064, 93, 7, 2, 'bueno', NULL, NULL),
(1065, 93, 8, 1, 'bueno', NULL, NULL),
(1066, 93, 11, 1, 'bueno', NULL, NULL),
(1067, 93, 12, 1, 'bueno', NULL, NULL),
(1068, 93, 13, 1, 'bueno', NULL, NULL),
(1069, 93, 20, 1, 'dañado', NULL, NULL),
(1070, 93, 21, 1, 'bueno', NULL, NULL),
(1071, 78, 1, 1, 'bueno', NULL, NULL),
(1072, 78, 2, 2, 'bueno', NULL, NULL),
(1073, 78, 4, 1, 'bueno', 'Silla chica', NULL),
(1074, 78, 7, 2, 'bueno', NULL, NULL),
(1075, 78, 8, 1, 'bueno', NULL, NULL),
(1076, 78, 11, 1, 'bueno', NULL, NULL),
(1077, 78, 12, 1, 'bueno', NULL, NULL),
(1078, 78, 13, 1, 'bueno', NULL, NULL),
(1079, 78, 20, 1, 'bueno', NULL, NULL),
(1080, 79, 2, 2, 'bueno', NULL, NULL),
(1081, 79, 4, 1, 'bueno', 'Silla chica', NULL),
(1082, 79, 6, 1, 'bueno', NULL, NULL),
(1083, 79, 7, 2, 'bueno', NULL, NULL),
(1084, 79, 8, 1, 'bueno', NULL, NULL),
(1085, 79, 12, 1, 'bueno', NULL, NULL),
(1086, 79, 13, 1, 'bueno', NULL, NULL),
(1087, 79, 20, 1, 'dañado', NULL, NULL),
(1088, 80, 2, 2, 'dañado', NULL, NULL),
(1089, 80, 4, 1, 'bueno', 'Silla chica', NULL),
(1090, 80, 6, 1, 'bueno', NULL, NULL),
(1091, 80, 7, 2, 'bueno', NULL, NULL),
(1092, 80, 8, 1, 'bueno', NULL, NULL),
(1093, 80, 11, 1, 'bueno', NULL, NULL),
(1094, 80, 12, 1, 'bueno', NULL, NULL),
(1095, 80, 13, 1, 'bueno', NULL, NULL),
(1096, 80, 20, 1, 'dañado', NULL, NULL),
(1097, 81, 2, 2, 'bueno', NULL, NULL),
(1098, 81, 4, 1, 'bueno', 'Silla chica', NULL),
(1099, 81, 7, 2, 'bueno', NULL, NULL),
(1100, 81, 8, 1, 'bueno', NULL, NULL),
(1101, 81, 11, 1, 'bueno', NULL, NULL),
(1102, 81, 12, 1, 'bueno', NULL, NULL),
(1103, 81, 13, 1, 'bueno', NULL, NULL),
(1104, 82, 2, 2, 'dañado', NULL, NULL),
(1105, 82, 4, 1, 'bueno', 'Silla chica', NULL),
(1106, 82, 6, 1, 'bueno', NULL, NULL),
(1107, 82, 7, 2, 'bueno', NULL, NULL),
(1108, 82, 8, 1, 'bueno', NULL, NULL),
(1109, 82, 11, 1, 'bueno', NULL, NULL),
(1110, 82, 12, 1, 'bueno', NULL, NULL),
(1111, 82, 13, 1, 'bueno', NULL, NULL),
(1112, 82, 20, 1, 'dañado', NULL, NULL),
(1113, 83, 2, 2, 'dañado', NULL, NULL),
(1114, 83, 4, 1, 'bueno', 'Silla chica', NULL),
(1115, 83, 6, 1, 'bueno', NULL, NULL),
(1116, 83, 7, 2, 'bueno', NULL, NULL),
(1117, 83, 8, 1, 'bueno', NULL, NULL),
(1118, 83, 12, 1, 'bueno', NULL, NULL),
(1119, 83, 13, 1, 'bueno', NULL, NULL),
(1120, 83, 20, 1, 'dañado', NULL, NULL),
(1121, 84, 2, 2, 'bueno', NULL, NULL),
(1122, 84, 4, 1, 'bueno', 'Silla chica', NULL),
(1123, 84, 7, 2, 'bueno', NULL, NULL),
(1124, 84, 8, 1, 'bueno', NULL, NULL),
(1125, 84, 11, 1, 'bueno', NULL, NULL),
(1126, 84, 12, 1, 'bueno', NULL, NULL),
(1127, 84, 13, 1, 'bueno', NULL, NULL),
(1128, 84, 20, 1, 'dañado', NULL, NULL),
(1129, 85, 2, 2, 'bueno', NULL, NULL),
(1130, 85, 4, 1, 'bueno', 'Silla mediana', NULL),
(1131, 85, 6, 1, 'bueno', NULL, NULL),
(1132, 85, 7, 2, 'bueno', NULL, NULL),
(1133, 85, 8, 1, 'bueno', NULL, NULL),
(1134, 85, 11, 1, 'bueno', NULL, NULL),
(1135, 85, 12, 1, 'bueno', NULL, NULL),
(1136, 85, 13, 1, 'bueno', NULL, NULL),
(1137, 85, 20, 1, 'bueno', NULL, NULL),
(1138, 86, 2, 2, 'bueno', NULL, NULL),
(1139, 86, 4, 1, 'bueno', 'Silla chica', NULL),
(1140, 86, 6, 1, 'bueno', NULL, NULL),
(1141, 86, 7, 2, 'bueno', NULL, NULL),
(1142, 86, 8, 1, 'bueno', NULL, NULL),
(1143, 86, 12, 1, 'bueno', NULL, NULL),
(1144, 86, 13, 1, 'bueno', NULL, NULL),
(1145, 86, 20, 1, 'dañado', NULL, NULL),
(1146, 87, 2, 2, 'dañado', NULL, NULL),
(1147, 87, 4, 1, 'bueno', 'Silla chica', NULL),
(1148, 87, 6, 1, 'bueno', NULL, NULL),
(1149, 87, 7, 2, 'bueno', NULL, NULL),
(1150, 87, 8, 1, 'bueno', NULL, NULL),
(1151, 87, 12, 1, 'bueno', NULL, NULL),
(1152, 87, 13, 1, 'bueno', NULL, NULL),
(1153, 87, 20, 1, 'bueno', NULL, NULL),
(1154, 94, 2, 2, 'dañado', NULL, NULL),
(1155, 94, 4, 1, 'bueno', 'Silla mediana', NULL),
(1156, 94, 6, 1, 'bueno', NULL, NULL),
(1157, 94, 7, 2, 'bueno', NULL, NULL),
(1158, 94, 8, 1, 'bueno', NULL, NULL),
(1159, 94, 11, 1, 'bueno', NULL, NULL),
(1160, 94, 12, 1, 'bueno', NULL, NULL),
(1161, 94, 13, 1, 'bueno', NULL, NULL),
(1162, 94, 20, 1, 'dañado', NULL, NULL),
(1163, 96, 2, 2, 'bueno', NULL, NULL),
(1164, 96, 4, 1, 'bueno', 'Silla chica', NULL),
(1165, 96, 6, 1, 'bueno', NULL, NULL),
(1166, 96, 7, 2, 'bueno', NULL, NULL),
(1167, 96, 8, 1, 'bueno', NULL, NULL),
(1168, 96, 12, 1, 'bueno', NULL, NULL),
(1169, 96, 13, 1, 'bueno', NULL, NULL),
(1170, 96, 20, 1, 'bueno', NULL, NULL),
(1171, 97, 2, 2, 'bueno', NULL, NULL),
(1172, 97, 4, 1, 'bueno', 'Silla mediana', NULL),
(1173, 97, 6, 1, 'bueno', NULL, NULL),
(1174, 97, 7, 2, 'bueno', NULL, NULL),
(1175, 97, 8, 1, 'bueno', NULL, NULL),
(1176, 97, 11, 1, 'bueno', NULL, NULL),
(1177, 97, 12, 1, 'bueno', NULL, NULL),
(1178, 97, 13, 1, 'bueno', NULL, NULL),
(1179, 97, 20, 1, 'bueno', NULL, NULL),
(1180, 98, 2, 2, 'bueno', NULL, NULL),
(1181, 98, 4, 1, 'bueno', 'Silla chica', NULL),
(1182, 98, 6, 1, 'bueno', NULL, NULL),
(1183, 98, 7, 2, 'bueno', NULL, NULL),
(1184, 98, 8, 1, 'bueno', NULL, NULL),
(1185, 98, 12, 1, 'bueno', NULL, NULL),
(1186, 98, 13, 1, 'bueno', NULL, NULL),
(1187, 98, 20, 1, 'bueno', NULL, NULL),
(1188, 99, 2, 2, 'dañado', NULL, NULL),
(1189, 99, 4, 1, 'bueno', 'Silla grande', NULL),
(1190, 99, 7, 2, 'bueno', NULL, NULL),
(1191, 99, 8, 1, 'bueno', NULL, NULL),
(1192, 99, 12, 1, 'bueno', NULL, NULL),
(1193, 99, 13, 1, 'bueno', NULL, NULL),
(1194, 99, 20, 1, 'bueno', NULL, NULL),
(1195, 100, 2, 2, 'bueno', NULL, NULL),
(1196, 100, 4, 1, 'bueno', 'Silla mediana', NULL),
(1197, 100, 6, 1, 'bueno', NULL, NULL),
(1198, 100, 7, 2, 'bueno', NULL, NULL),
(1199, 100, 8, 1, 'bueno', NULL, NULL),
(1200, 100, 11, 1, 'bueno', NULL, NULL),
(1201, 100, 12, 1, 'bueno', NULL, NULL),
(1202, 100, 13, 1, 'bueno', NULL, NULL),
(1203, 100, 20, 1, 'bueno', NULL, NULL),
(1204, 101, 2, 2, 'dañado', NULL, NULL),
(1205, 101, 4, 1, 'bueno', 'Silla mediana', NULL),
(1206, 101, 6, 1, 'bueno', NULL, NULL),
(1207, 101, 7, 2, 'bueno', NULL, NULL),
(1208, 101, 8, 1, 'bueno', NULL, NULL),
(1209, 101, 12, 1, 'bueno', NULL, NULL),
(1210, 101, 13, 1, 'bueno', NULL, NULL),
(1211, 101, 20, 1, 'bueno', NULL, NULL),
(1212, 102, 2, 2, 'bueno', NULL, NULL),
(1213, 102, 4, 1, 'bueno', 'Silla chica', NULL),
(1214, 102, 6, 1, 'bueno', NULL, NULL),
(1215, 102, 7, 2, 'bueno', NULL, NULL),
(1216, 102, 8, 1, 'bueno', NULL, NULL),
(1217, 102, 11, 1, 'bueno', NULL, NULL),
(1218, 102, 12, 1, 'bueno', NULL, NULL),
(1219, 102, 13, 1, 'bueno', NULL, NULL),
(1220, 102, 20, 1, 'bueno', NULL, NULL),
(1225, 1, 22, 1, 'bueno', NULL, NULL),
(1226, 2, 22, 1, 'bueno', NULL, NULL),
(1227, 3, 22, 1, 'bueno', NULL, NULL),
(1228, 4, 22, 1, 'bueno', NULL, NULL),
(1229, 5, 22, 1, 'bueno', NULL, NULL),
(1230, 6, 22, 1, 'bueno', NULL, NULL),
(1231, 7, 22, 1, 'bueno', NULL, NULL),
(1232, 8, 22, 1, 'bueno', NULL, NULL),
(1233, 10, 22, 1, 'bueno', NULL, NULL),
(1234, 11, 22, 1, 'bueno', NULL, NULL),
(1235, 12, 22, 1, 'bueno', NULL, NULL),
(1236, 13, 22, 1, 'bueno', NULL, NULL),
(1237, 14, 22, 1, 'bueno', NULL, NULL),
(1238, 15, 22, 1, 'bueno', NULL, NULL),
(1239, 16, 22, 1, 'bueno', NULL, NULL),
(1240, 17, 22, 1, 'bueno', NULL, NULL),
(1241, 18, 22, 1, 'bueno', NULL, NULL),
(1242, 19, 22, 1, 'bueno', NULL, NULL),
(1243, 20, 22, 1, 'bueno', NULL, NULL),
(1244, 21, 22, 1, 'bueno', NULL, NULL),
(1245, 22, 22, 1, 'bueno', NULL, NULL),
(1246, 23, 22, 1, 'bueno', NULL, NULL),
(1247, 24, 22, 1, 'bueno', NULL, NULL),
(1248, 26, 22, 1, 'bueno', NULL, NULL),
(1249, 27, 22, 1, 'bueno', NULL, NULL),
(1250, 28, 22, 1, 'bueno', NULL, NULL),
(1251, 29, 22, 1, 'bueno', NULL, NULL),
(1252, 30, 22, 1, 'bueno', NULL, NULL),
(1253, 31, 22, 1, 'bueno', NULL, NULL),
(1254, 32, 22, 1, 'bueno', NULL, NULL),
(1255, 33, 22, 1, 'bueno', NULL, NULL),
(1256, 34, 22, 1, 'bueno', NULL, NULL),
(1257, 35, 22, 1, 'bueno', NULL, NULL),
(1258, 36, 22, 1, 'bueno', NULL, NULL),
(1259, 37, 22, 1, 'bueno', NULL, NULL),
(1260, 38, 22, 1, 'bueno', NULL, NULL),
(1261, 39, 22, 1, 'bueno', NULL, NULL),
(1262, 40, 22, 1, 'bueno', NULL, NULL),
(1263, 41, 22, 1, 'bueno', NULL, NULL),
(1264, 42, 22, 1, 'bueno', NULL, NULL),
(1265, 43, 22, 1, 'bueno', NULL, NULL),
(1266, 44, 22, 1, 'bueno', NULL, NULL),
(1267, 45, 22, 1, 'bueno', NULL, NULL),
(1268, 46, 22, 1, 'bueno', NULL, NULL),
(1269, 47, 22, 1, 'bueno', NULL, NULL),
(1270, 48, 22, 1, 'bueno', NULL, NULL),
(1271, 49, 22, 1, 'bueno', NULL, NULL),
(1272, 50, 22, 1, 'bueno', NULL, NULL),
(1273, 51, 22, 1, 'bueno', NULL, NULL),
(1274, 52, 22, 1, 'bueno', NULL, NULL),
(1275, 53, 22, 1, 'bueno', NULL, NULL),
(1276, 54, 22, 1, 'bueno', NULL, NULL),
(1277, 55, 22, 1, 'bueno', NULL, NULL),
(1278, 56, 22, 1, 'bueno', NULL, NULL),
(1279, 57, 22, 1, 'bueno', NULL, NULL),
(1280, 58, 22, 1, 'bueno', NULL, NULL),
(1281, 59, 22, 1, 'bueno', NULL, NULL),
(1282, 60, 22, 1, 'bueno', NULL, NULL),
(1283, 61, 22, 1, 'bueno', NULL, NULL),
(1284, 62, 22, 1, 'bueno', NULL, NULL),
(1285, 63, 22, 1, 'bueno', NULL, NULL),
(1286, 64, 22, 1, 'bueno', NULL, NULL),
(1287, 65, 22, 1, 'bueno', NULL, NULL),
(1288, 66, 22, 1, 'bueno', NULL, NULL),
(1289, 67, 22, 1, 'bueno', NULL, NULL),
(1290, 68, 22, 1, 'bueno', NULL, NULL),
(1291, 69, 22, 1, 'bueno', NULL, NULL),
(1292, 70, 22, 1, 'bueno', NULL, NULL),
(1293, 71, 22, 1, 'bueno', NULL, NULL),
(1294, 72, 22, 1, 'bueno', NULL, NULL),
(1295, 73, 22, 1, 'bueno', NULL, NULL),
(1296, 74, 22, 1, 'bueno', NULL, NULL),
(1297, 75, 22, 1, 'bueno', NULL, NULL),
(1298, 76, 22, 1, 'bueno', NULL, NULL),
(1299, 77, 22, 1, 'bueno', NULL, NULL),
(1300, 78, 22, 1, 'bueno', NULL, NULL),
(1301, 79, 22, 1, 'bueno', NULL, NULL),
(1302, 80, 22, 1, 'bueno', NULL, NULL),
(1303, 81, 22, 1, 'bueno', NULL, NULL),
(1304, 82, 22, 1, 'bueno', NULL, NULL),
(1305, 83, 22, 1, 'bueno', NULL, NULL),
(1306, 84, 22, 1, 'bueno', NULL, NULL),
(1307, 85, 22, 1, 'bueno', NULL, NULL),
(1308, 86, 22, 1, 'bueno', NULL, NULL),
(1309, 87, 22, 1, 'bueno', NULL, NULL),
(1310, 88, 22, 1, 'bueno', NULL, NULL),
(1311, 89, 22, 1, 'bueno', NULL, NULL),
(1312, 90, 22, 1, 'bueno', NULL, NULL),
(1313, 91, 22, 1, 'bueno', NULL, NULL),
(1314, 92, 22, 1, 'bueno', NULL, NULL),
(1315, 93, 22, 1, 'bueno', NULL, NULL),
(1316, 94, 22, 1, 'bueno', NULL, NULL),
(1317, 95, 22, 1, 'bueno', NULL, NULL),
(1318, 96, 22, 1, 'bueno', NULL, NULL),
(1319, 97, 22, 1, 'bueno', NULL, NULL),
(1320, 98, 22, 1, 'bueno', NULL, NULL),
(1321, 99, 22, 1, 'bueno', NULL, NULL),
(1322, 100, 22, 1, 'bueno', NULL, NULL),
(1323, 101, 22, 1, 'bueno', NULL, NULL),
(1324, 102, 22, 1, 'bueno', NULL, NULL),
(1325, 103, 22, 1, 'bueno', NULL, NULL),
(1326, 104, 22, 1, 'bueno', NULL, NULL),
(1327, 1, 23, 1, 'bueno', '', 'HH-H103-CL-001'),
(1328, 2, 23, 1, 'bueno', NULL, 'HH-H104-CL-001'),
(1329, 3, 23, 1, 'bueno', NULL, 'HH-H105-CL-001'),
(1330, 4, 23, 1, 'bueno', NULL, 'HH-H106-CL-001'),
(1331, 5, 23, 1, 'bueno', NULL, 'HH-H107-CL-001'),
(1332, 6, 23, 1, 'bueno', NULL, 'HH-H108-CL-001'),
(1333, 7, 23, 1, 'bueno', NULL, 'HH-H109-CL-001'),
(1334, 8, 23, 1, 'bueno', NULL, 'HH-H110-CL-001'),
(1335, 10, 23, 1, 'bueno', NULL, 'HH-H112-CL-001'),
(1336, 11, 23, 1, 'bueno', NULL, 'HH-H114-CL-001'),
(1337, 12, 23, 1, 'bueno', NULL, 'HH-H115-CL-001'),
(1338, 13, 23, 1, 'bueno', NULL, 'HH-H116-CL-001'),
(1339, 14, 23, 1, 'bueno', NULL, 'HH-H117-CL-001'),
(1340, 15, 23, 1, 'bueno', NULL, 'HH-H118-CL-001'),
(1341, 16, 23, 1, 'bueno', NULL, 'HH-H119-CL-001'),
(1342, 17, 23, 1, 'bueno', NULL, 'HH-H120-CL-001'),
(1343, 18, 23, 1, 'bueno', NULL, 'HH-H121-CL-001'),
(1344, 19, 23, 1, 'bueno', NULL, 'HH-H122-CL-001'),
(1345, 20, 23, 1, 'bueno', NULL, 'HH-H123-CL-001'),
(1346, 21, 23, 1, 'bueno', NULL, 'HH-H124-CL-001'),
(1347, 22, 23, 1, 'bueno', NULL, 'HH-H125-CL-001'),
(1348, 23, 23, 1, 'bueno', NULL, 'HH-H126-CL-001'),
(1349, 24, 23, 1, 'bueno', NULL, 'HH-H127-CL-001'),
(1350, 26, 23, 1, 'bueno', NULL, 'HH-H201-CL-001'),
(1351, 27, 23, 1, 'bueno', NULL, 'HH-H202-CL-001'),
(1352, 28, 23, 1, 'bueno', NULL, 'HH-H203-CL-001'),
(1353, 29, 23, 1, 'bueno', NULL, 'HH-H204-CL-001'),
(1354, 30, 23, 1, 'bueno', NULL, 'HH-H205-CL-001'),
(1355, 31, 23, 1, 'bueno', NULL, 'HH-H206-CL-001'),
(1356, 32, 23, 1, 'bueno', NULL, 'HH-H207-CL-001'),
(1357, 33, 23, 1, 'bueno', NULL, 'HH-H208-CL-001'),
(1358, 34, 23, 1, 'bueno', NULL, 'HH-H209-CL-001'),
(1359, 35, 23, 1, 'bueno', NULL, 'HH-H210-CL-001'),
(1360, 36, 23, 1, 'bueno', NULL, 'HH-H211-CL-001'),
(1361, 37, 23, 1, 'bueno', NULL, 'HH-H212-CL-001'),
(1362, 38, 23, 1, 'bueno', NULL, 'HH-H214-CL-001'),
(1363, 39, 23, 1, 'bueno', NULL, 'HH-H215-CL-001'),
(1364, 40, 23, 1, 'bueno', NULL, 'HH-H216-CL-001'),
(1365, 41, 23, 1, 'bueno', NULL, 'HH-H217-CL-001'),
(1366, 42, 23, 1, 'bueno', NULL, 'HH-H218-CL-001'),
(1367, 43, 23, 1, 'bueno', NULL, 'HH-H219-CL-001'),
(1368, 44, 23, 1, 'bueno', NULL, 'HH-H220-CL-001'),
(1369, 45, 23, 1, 'bueno', NULL, 'HH-H221-CL-001'),
(1370, 46, 23, 1, 'bueno', NULL, 'HH-H222-CL-001'),
(1371, 47, 23, 1, 'bueno', NULL, 'HH-H223-CL-001'),
(1372, 48, 23, 1, 'bueno', NULL, 'HH-H224-CL-001'),
(1373, 49, 23, 1, 'bueno', NULL, 'HH-H225-CL-001'),
(1374, 50, 23, 1, 'bueno', NULL, 'HH-H226-CL-001'),
(1375, 51, 23, 1, 'bueno', NULL, 'HH-H227-CL-001'),
(1376, 52, 23, 1, 'bueno', NULL, NULL),
(1377, 53, 23, 1, 'bueno', NULL, NULL),
(1378, 54, 23, 1, 'bueno', NULL, NULL),
(1379, 55, 23, 1, 'bueno', NULL, NULL),
(1380, 56, 23, 1, 'bueno', NULL, NULL),
(1381, 57, 23, 1, 'bueno', NULL, NULL),
(1382, 58, 23, 1, 'bueno', NULL, NULL),
(1383, 59, 23, 1, 'bueno', NULL, NULL),
(1384, 60, 23, 1, 'bueno', NULL, NULL),
(1385, 61, 23, 1, 'bueno', NULL, NULL),
(1386, 62, 23, 1, 'bueno', NULL, NULL),
(1387, 63, 23, 1, 'bueno', NULL, NULL),
(1388, 64, 23, 1, 'bueno', NULL, NULL),
(1389, 65, 23, 1, 'bueno', NULL, NULL),
(1390, 66, 23, 1, 'bueno', NULL, NULL),
(1391, 67, 23, 1, 'bueno', NULL, NULL),
(1392, 68, 23, 1, 'bueno', NULL, NULL),
(1393, 69, 23, 1, 'bueno', NULL, NULL),
(1394, 70, 23, 1, 'bueno', NULL, NULL),
(1395, 71, 23, 1, 'bueno', NULL, NULL),
(1396, 72, 23, 1, 'bueno', NULL, NULL),
(1397, 73, 23, 1, 'bueno', NULL, NULL),
(1398, 74, 23, 1, 'bueno', NULL, NULL),
(1399, 75, 23, 1, 'bueno', NULL, NULL),
(1400, 76, 23, 1, 'bueno', NULL, NULL),
(1401, 77, 23, 1, 'bueno', NULL, NULL),
(1402, 78, 23, 1, 'bueno', NULL, NULL),
(1403, 79, 23, 1, 'bueno', NULL, NULL),
(1404, 80, 23, 1, 'bueno', NULL, NULL),
(1405, 81, 23, 1, 'bueno', NULL, NULL),
(1406, 82, 23, 1, 'bueno', NULL, NULL),
(1407, 83, 23, 1, 'bueno', NULL, NULL),
(1408, 84, 23, 1, 'bueno', NULL, NULL),
(1409, 85, 23, 1, 'bueno', NULL, NULL),
(1410, 86, 23, 1, 'bueno', NULL, NULL),
(1411, 87, 23, 1, 'bueno', NULL, NULL),
(1412, 88, 23, 1, 'bueno', NULL, NULL),
(1413, 89, 23, 1, 'bueno', NULL, NULL),
(1414, 90, 23, 1, 'bueno', NULL, NULL),
(1415, 91, 23, 1, 'bueno', NULL, NULL),
(1416, 92, 23, 1, 'bueno', NULL, NULL),
(1417, 93, 23, 1, 'bueno', NULL, NULL),
(1418, 94, 23, 1, 'bueno', NULL, NULL),
(1419, 95, 23, 1, 'bueno', NULL, NULL),
(1420, 96, 23, 1, 'bueno', NULL, NULL),
(1421, 97, 23, 1, 'bueno', NULL, NULL),
(1422, 98, 23, 1, 'bueno', NULL, NULL),
(1423, 99, 23, 1, 'bueno', NULL, NULL),
(1424, 100, 23, 1, 'bueno', NULL, NULL),
(1425, 101, 23, 1, 'bueno', NULL, NULL),
(1426, 102, 23, 1, 'bueno', NULL, NULL),
(1427, 103, 23, 1, 'bueno', NULL, NULL),
(1428, 104, 23, 1, 'bueno', NULL, 'HH-H111-CL-001'),
(1433, 1, 29, 1, 'bueno', '', 'HH-H103-EL-001'),
(1434, 2, 29, 1, 'bueno', NULL, 'HH-H104-EL-001'),
(1435, 3, 29, 1, 'bueno', NULL, 'HH-H105-EL-001'),
(1436, 4, 29, 1, 'bueno', NULL, 'HH-H106-EL-001'),
(1437, 5, 29, 1, 'bueno', NULL, 'HH-H107-EL-001'),
(1438, 6, 29, 1, 'bueno', NULL, 'HH-H108-EL-001'),
(1439, 7, 29, 1, 'bueno', NULL, 'HH-H109-EL-001'),
(1440, 8, 29, 1, 'bueno', NULL, 'HH-H110-EL-001'),
(1441, 104, 29, 1, 'bueno', NULL, 'HH-H111-EL-001'),
(1442, 10, 29, 1, 'bueno', NULL, 'HH-H112-EL-001'),
(1443, 11, 29, 1, 'bueno', NULL, 'HH-H114-EL-001'),
(1444, 12, 29, 1, 'bueno', NULL, 'HH-H115-EL-001'),
(1445, 13, 29, 1, 'bueno', NULL, 'HH-H116-EL-001'),
(1446, 14, 29, 1, 'bueno', NULL, 'HH-H117-EL-001'),
(1447, 15, 29, 1, 'bueno', NULL, 'HH-H118-EL-001'),
(1448, 16, 29, 1, 'bueno', NULL, 'HH-H119-EL-001'),
(1449, 17, 29, 1, 'bueno', NULL, 'HH-H120-EL-001'),
(1450, 18, 29, 1, 'bueno', NULL, 'HH-H121-EL-001'),
(1451, 19, 29, 1, 'bueno', NULL, 'HH-H122-EL-001'),
(1452, 20, 29, 1, 'bueno', NULL, 'HH-H123-EL-001'),
(1453, 21, 29, 1, 'bueno', NULL, 'HH-H124-EL-001'),
(1454, 22, 29, 1, 'bueno', NULL, 'HH-H125-EL-001'),
(1455, 23, 29, 1, 'bueno', NULL, 'HH-H126-EL-001'),
(1456, 24, 29, 1, 'bueno', NULL, 'HH-H127-EL-001'),
(1457, 26, 29, 1, 'bueno', NULL, 'HH-H201-EL-001'),
(1458, 27, 29, 1, 'bueno', NULL, 'HH-H202-EL-001'),
(1459, 28, 29, 1, 'bueno', NULL, 'HH-H203-EL-001'),
(1460, 29, 29, 1, 'bueno', NULL, 'HH-H204-EL-001'),
(1461, 30, 29, 1, 'bueno', NULL, 'HH-H205-EL-001'),
(1462, 31, 29, 1, 'bueno', NULL, 'HH-H206-EL-001'),
(1463, 32, 29, 1, 'bueno', NULL, 'HH-H207-EL-001'),
(1464, 33, 29, 1, 'bueno', NULL, 'HH-H208-EL-001'),
(1465, 34, 29, 1, 'bueno', NULL, 'HH-H209-EL-001'),
(1466, 35, 29, 1, 'bueno', NULL, 'HH-H210-EL-001'),
(1467, 36, 29, 1, 'bueno', NULL, 'HH-H211-EL-001'),
(1468, 37, 29, 1, 'bueno', NULL, 'HH-H212-EL-001'),
(1469, 38, 29, 1, 'bueno', NULL, 'HH-H214-EL-001'),
(1470, 39, 29, 1, 'bueno', NULL, 'HH-H215-EL-001'),
(1471, 40, 29, 1, 'bueno', NULL, 'HH-H216-EL-001'),
(1472, 41, 29, 1, 'bueno', NULL, 'HH-H217-EL-001'),
(1473, 42, 29, 1, 'bueno', NULL, 'HH-H218-EL-001'),
(1474, 43, 29, 1, 'bueno', NULL, 'HH-H219-EL-001'),
(1475, 44, 29, 1, 'bueno', NULL, 'HH-H220-EL-001'),
(1476, 45, 29, 1, 'bueno', NULL, 'HH-H221-EL-001'),
(1477, 46, 29, 1, 'bueno', NULL, 'HH-H222-EL-001'),
(1478, 47, 29, 1, 'bueno', NULL, 'HH-H223-EL-001'),
(1479, 48, 29, 1, 'bueno', NULL, 'HH-H224-EL-001'),
(1480, 49, 29, 1, 'bueno', NULL, 'HH-H225-EL-001'),
(1481, 50, 29, 1, 'bueno', NULL, 'HH-H226-EL-001'),
(1482, 51, 29, 1, 'bueno', NULL, 'HH-H227-EL-001'),
(1483, 52, 29, 1, 'bueno', NULL, NULL),
(1484, 53, 29, 1, 'bueno', NULL, NULL),
(1485, 54, 29, 1, 'bueno', NULL, NULL),
(1486, 55, 29, 1, 'bueno', NULL, NULL),
(1487, 56, 29, 1, 'bueno', NULL, NULL),
(1488, 57, 29, 1, 'bueno', NULL, NULL),
(1489, 58, 29, 1, 'bueno', NULL, NULL),
(1490, 59, 29, 1, 'bueno', NULL, NULL),
(1491, 60, 29, 1, 'bueno', NULL, NULL),
(1492, 61, 29, 1, 'bueno', NULL, NULL),
(1493, 62, 29, 1, 'bueno', NULL, NULL),
(1494, 63, 29, 1, 'bueno', NULL, NULL),
(1495, 64, 29, 1, 'bueno', NULL, NULL),
(1496, 65, 29, 1, 'bueno', NULL, NULL),
(1497, 66, 29, 1, 'bueno', NULL, NULL),
(1498, 67, 29, 1, 'bueno', NULL, NULL),
(1499, 68, 29, 1, 'bueno', NULL, NULL),
(1500, 69, 29, 1, 'bueno', NULL, NULL),
(1501, 70, 29, 1, 'bueno', NULL, NULL),
(1502, 71, 29, 1, 'bueno', NULL, NULL),
(1503, 72, 29, 1, 'bueno', NULL, NULL),
(1504, 73, 29, 1, 'bueno', NULL, NULL),
(1505, 74, 29, 1, 'bueno', NULL, NULL),
(1506, 75, 29, 1, 'bueno', NULL, NULL),
(1507, 76, 29, 1, 'bueno', NULL, NULL),
(1508, 77, 29, 1, 'bueno', NULL, NULL),
(1509, 78, 29, 1, 'bueno', NULL, NULL),
(1510, 79, 29, 1, 'bueno', NULL, NULL),
(1511, 80, 29, 1, 'bueno', NULL, NULL),
(1512, 81, 29, 1, 'bueno', NULL, NULL),
(1513, 82, 29, 1, 'bueno', NULL, NULL),
(1514, 83, 29, 1, 'bueno', NULL, NULL),
(1515, 84, 29, 1, 'bueno', NULL, NULL),
(1516, 85, 29, 1, 'bueno', NULL, NULL),
(1517, 86, 29, 1, 'bueno', NULL, NULL),
(1518, 87, 29, 1, 'bueno', NULL, NULL),
(1519, 88, 29, 1, 'bueno', NULL, NULL),
(1520, 89, 29, 1, 'bueno', NULL, NULL),
(1521, 90, 29, 1, 'bueno', NULL, NULL),
(1522, 91, 29, 1, 'bueno', NULL, NULL),
(1523, 92, 29, 1, 'bueno', NULL, NULL),
(1524, 93, 29, 1, 'bueno', NULL, NULL),
(1525, 94, 29, 1, 'bueno', NULL, NULL),
(1526, 95, 29, 1, 'bueno', NULL, NULL),
(1527, 96, 29, 1, 'bueno', NULL, NULL),
(1528, 97, 29, 1, 'bueno', NULL, NULL),
(1529, 98, 29, 1, 'bueno', NULL, NULL),
(1530, 99, 29, 1, 'bueno', NULL, NULL),
(1531, 100, 29, 1, 'bueno', NULL, NULL),
(1532, 101, 29, 1, 'bueno', NULL, NULL),
(1533, 102, 29, 1, 'bueno', NULL, NULL),
(1534, 103, 29, 1, 'bueno', NULL, NULL),
(1535, 115, 29, 1, 'bueno', NULL, NULL),
(1560, 1, 30, 1, 'bueno', '', 'HH-H103-M-001'),
(1561, 2, 30, 1, 'bueno', NULL, 'HH-H104-M-001'),
(1562, 3, 30, 1, 'bueno', NULL, 'HH-H105-M-001'),
(1563, 4, 30, 1, 'bueno', NULL, 'HH-H106-M-001'),
(1564, 5, 30, 1, 'bueno', NULL, 'HH-H107-M-001'),
(1565, 6, 30, 1, 'bueno', NULL, 'HH-H108-M-001'),
(1566, 7, 30, 1, 'bueno', NULL, 'HH-H109-M-001'),
(1567, 8, 30, 1, 'bueno', NULL, 'HH-H110-M-001'),
(1568, 104, 30, 1, 'bueno', NULL, 'HH-H111-M-001'),
(1569, 10, 30, 1, 'bueno', NULL, 'HH-H112-M-001'),
(1570, 11, 30, 1, 'bueno', NULL, 'HH-H114-M-001'),
(1571, 12, 30, 1, 'bueno', NULL, 'HH-H115-M-001'),
(1572, 13, 30, 1, 'bueno', NULL, 'HH-H116-M-001'),
(1573, 14, 30, 1, 'bueno', NULL, 'HH-H117-M-001'),
(1574, 15, 30, 1, 'bueno', NULL, 'HH-H118-M-001'),
(1575, 16, 30, 1, 'bueno', NULL, 'HH-H119-M-001'),
(1576, 17, 30, 1, 'bueno', NULL, 'HH-H120-M-001'),
(1577, 18, 30, 1, 'bueno', NULL, 'HH-H121-M-001'),
(1578, 19, 30, 1, 'bueno', NULL, 'HH-H122-M-001'),
(1579, 20, 30, 1, 'bueno', NULL, 'HH-H123-M-001'),
(1580, 21, 30, 1, 'bueno', NULL, 'HH-H124-M-001'),
(1581, 22, 30, 1, 'bueno', NULL, 'HH-H125-M-001'),
(1582, 23, 30, 1, 'bueno', NULL, 'HH-H126-M-001'),
(1583, 24, 30, 1, 'bueno', NULL, 'HH-H127-M-001'),
(1584, 26, 30, 1, 'bueno', NULL, 'HH-H201-M-001'),
(1585, 27, 30, 1, 'bueno', NULL, 'HH-H202-M-001'),
(1586, 28, 30, 1, 'bueno', NULL, 'HH-H203-M-001'),
(1587, 29, 30, 1, 'bueno', NULL, 'HH-H204-M-001'),
(1588, 30, 30, 1, 'bueno', NULL, 'HH-H205-M-001'),
(1589, 31, 30, 1, 'bueno', NULL, 'HH-H206-M-001'),
(1590, 32, 30, 1, 'bueno', NULL, 'HH-H207-M-001'),
(1591, 33, 30, 1, 'bueno', NULL, 'HH-H208-M-001'),
(1592, 34, 30, 1, 'bueno', NULL, 'HH-H209-M-001'),
(1593, 35, 30, 1, 'bueno', NULL, 'HH-H210-M-001'),
(1594, 36, 30, 1, 'bueno', NULL, 'HH-H211-M-001'),
(1595, 37, 30, 1, 'bueno', NULL, 'HH-H212-M-001'),
(1596, 38, 30, 1, 'bueno', NULL, 'HH-H214-M-001'),
(1597, 39, 30, 1, 'bueno', NULL, 'HH-H215-M-001'),
(1598, 40, 30, 1, 'bueno', NULL, 'HH-H216-M-001'),
(1599, 41, 30, 1, 'bueno', NULL, 'HH-H217-M-001'),
(1600, 42, 30, 1, 'bueno', NULL, 'HH-H218-M-001'),
(1601, 43, 30, 1, 'bueno', NULL, 'HH-H219-M-001'),
(1602, 44, 30, 1, 'bueno', NULL, 'HH-H220-M-001'),
(1603, 45, 30, 1, 'bueno', NULL, 'HH-H221-M-001'),
(1604, 46, 30, 1, 'bueno', NULL, 'HH-H222-M-001'),
(1605, 47, 30, 1, 'bueno', NULL, 'HH-H223-M-001'),
(1606, 48, 30, 1, 'bueno', NULL, 'HH-H224-M-001'),
(1607, 49, 30, 1, 'bueno', NULL, 'HH-H225-M-001'),
(1608, 50, 30, 1, 'bueno', NULL, 'HH-H226-M-001'),
(1609, 51, 30, 1, 'bueno', NULL, 'HH-H227-M-001'),
(1610, 52, 30, 1, 'bueno', NULL, NULL),
(1611, 53, 30, 1, 'bueno', NULL, NULL),
(1612, 54, 30, 1, 'bueno', NULL, NULL),
(1613, 55, 30, 1, 'bueno', NULL, NULL),
(1614, 56, 30, 1, 'bueno', NULL, NULL),
(1615, 57, 30, 1, 'bueno', NULL, NULL),
(1616, 58, 30, 1, 'bueno', NULL, NULL),
(1617, 59, 30, 1, 'bueno', NULL, NULL),
(1618, 60, 30, 1, 'bueno', NULL, NULL),
(1619, 61, 30, 1, 'bueno', NULL, NULL),
(1620, 62, 30, 1, 'bueno', NULL, NULL),
(1621, 63, 30, 1, 'bueno', NULL, NULL),
(1622, 64, 30, 1, 'bueno', NULL, NULL),
(1623, 65, 30, 1, 'bueno', NULL, NULL),
(1624, 66, 30, 1, 'bueno', NULL, NULL),
(1625, 67, 30, 1, 'bueno', NULL, NULL),
(1626, 68, 30, 1, 'bueno', NULL, NULL),
(1627, 69, 30, 1, 'bueno', NULL, NULL),
(1628, 70, 30, 1, 'bueno', NULL, NULL),
(1629, 71, 30, 1, 'bueno', NULL, NULL),
(1630, 72, 30, 1, 'bueno', NULL, NULL),
(1631, 73, 30, 1, 'bueno', NULL, NULL),
(1632, 74, 30, 1, 'bueno', NULL, NULL),
(1633, 75, 30, 1, 'bueno', NULL, NULL),
(1634, 76, 30, 1, 'bueno', NULL, NULL),
(1635, 77, 30, 1, 'bueno', NULL, NULL),
(1636, 78, 30, 1, 'bueno', NULL, NULL),
(1637, 79, 30, 1, 'bueno', NULL, NULL),
(1638, 80, 30, 1, 'bueno', NULL, NULL),
(1639, 81, 30, 1, 'bueno', NULL, NULL),
(1640, 82, 30, 1, 'bueno', NULL, NULL),
(1641, 83, 30, 1, 'bueno', NULL, NULL),
(1642, 84, 30, 1, 'bueno', NULL, NULL),
(1643, 85, 30, 1, 'bueno', NULL, NULL),
(1644, 86, 30, 1, 'bueno', NULL, NULL);
INSERT INTO `inventario_backup` (`id`, `habitacion_id`, `articulo_id`, `cantidad`, `estado`, `comentarios`, `codigo_barras`) VALUES
(1645, 87, 30, 1, 'bueno', NULL, NULL),
(1646, 88, 30, 1, 'bueno', NULL, NULL),
(1647, 89, 30, 1, 'bueno', NULL, NULL),
(1648, 90, 30, 1, 'bueno', NULL, NULL),
(1649, 91, 30, 1, 'bueno', NULL, NULL),
(1650, 92, 30, 1, 'bueno', NULL, NULL),
(1651, 93, 30, 1, 'bueno', NULL, NULL),
(1652, 94, 30, 1, 'bueno', NULL, NULL),
(1653, 95, 30, 1, 'bueno', NULL, NULL),
(1654, 96, 30, 1, 'bueno', NULL, NULL),
(1655, 97, 30, 1, 'bueno', NULL, NULL),
(1656, 98, 30, 1, 'bueno', NULL, NULL),
(1657, 99, 30, 1, 'bueno', NULL, NULL),
(1658, 100, 30, 1, 'bueno', NULL, NULL),
(1659, 101, 30, 1, 'bueno', NULL, NULL),
(1660, 102, 30, 1, 'bueno', NULL, NULL),
(1661, 103, 30, 1, 'bueno', NULL, NULL),
(1662, 115, 30, 2, 'bueno', '', NULL),
(1691, 115, 2, 2, 'bueno', '', NULL),
(1692, 15, 11, 1, 'bueno', '', NULL),
(2, 1, 8, 1, 'bueno', '', 'HH-H103-EL-002'),
(3, 1, 9, 1, 'bueno', '', 'HH-H103-D-001'),
(4, 1, 12, 1, 'bueno', NULL, NULL),
(5, 1, 13, 1, 'bueno', '', 'HH-H103-EL-003'),
(6, 2, 2, 2, 'dañado', NULL, NULL),
(7, 2, 4, 1, 'bueno', 'Silla chica', 'HH-H104-M-002'),
(8, 2, 7, 2, 'bueno', NULL, NULL),
(9, 2, 8, 1, 'bueno', NULL, 'HH-H104-EL-002'),
(10, 2, 9, 1, 'bueno', NULL, 'HH-H104-D-001'),
(11, 2, 12, 1, 'bueno', NULL, NULL),
(12, 2, 13, 1, 'bueno', NULL, 'HH-H104-EL-003'),
(13, 3, 2, 2, 'dañado', NULL, NULL),
(14, 3, 4, 1, 'bueno', 'Silla mediana', 'HH-H105-M-002'),
(15, 3, 7, 2, 'bueno', NULL, NULL),
(16, 3, 8, 1, 'bueno', NULL, 'HH-H105-EL-002'),
(17, 3, 9, 1, 'bueno', NULL, 'HH-H105-D-001'),
(18, 3, 12, 1, 'bueno', NULL, NULL),
(19, 3, 13, 1, 'bueno', NULL, 'HH-H105-EL-003'),
(20, 4, 1, 1, 'bueno', NULL, NULL),
(21, 4, 2, 2, 'dañado', NULL, NULL),
(22, 4, 4, 1, 'bueno', 'Silla grande', 'HH-H106-M-002'),
(23, 4, 7, 2, 'bueno', NULL, NULL),
(24, 4, 8, 1, 'bueno', NULL, 'HH-H106-EL-002'),
(25, 4, 9, 1, 'bueno', NULL, 'HH-H106-D-001'),
(26, 4, 12, 1, 'bueno', NULL, NULL),
(27, 4, 13, 1, 'bueno', NULL, 'HH-H106-EL-003'),
(28, 5, 4, 1, 'bueno', 'Silla mediana', 'HH-H107-M-002'),
(29, 5, 7, 2, 'bueno', NULL, NULL),
(30, 5, 8, 1, 'bueno', NULL, 'HH-H107-EL-002'),
(31, 5, 9, 1, 'dañado', NULL, 'HH-H107-D-001'),
(32, 5, 12, 1, 'bueno', NULL, NULL),
(33, 5, 13, 1, 'bueno', NULL, 'HH-H107-EL-003'),
(34, 6, 2, 2, 'dañado', NULL, NULL),
(35, 6, 4, 1, 'bueno', 'Silla grande', 'HH-H108-M-002'),
(36, 6, 6, 1, 'bueno', 'Ganchos de diferentes tipos', NULL),
(37, 6, 7, 2, 'bueno', NULL, NULL),
(38, 6, 8, 1, 'bueno', NULL, 'HH-H108-EL-002'),
(39, 6, 9, 1, 'bueno', NULL, 'HH-H108-D-001'),
(40, 6, 12, 1, 'bueno', '', NULL),
(41, 6, 13, 1, 'bueno', NULL, 'HH-H108-EL-003'),
(42, 7, 1, 1, 'bueno', NULL, NULL),
(43, 7, 2, 2, 'dañado', '', NULL),
(44, 7, 4, 1, 'bueno', 'Silla mediana', 'HH-H109-M-002'),
(45, 7, 6, 1, 'bueno', 'Ganchos de diferentes tipos', NULL),
(46, 7, 7, 2, 'bueno', NULL, NULL),
(47, 7, 8, 1, 'bueno', NULL, 'HH-H109-EL-002'),
(48, 7, 9, 1, 'bueno', NULL, 'HH-H109-D-001'),
(49, 7, 11, 1, 'bueno', NULL, NULL),
(50, 7, 12, 1, 'bueno', NULL, NULL),
(51, 7, 13, 1, 'bueno', NULL, 'HH-H109-EL-003'),
(52, 8, 1, 1, 'bueno', NULL, NULL),
(53, 8, 2, 2, 'dañado', NULL, NULL),
(54, 8, 4, 1, 'bueno', 'Silla mediana', 'HH-H110-M-002'),
(55, 8, 7, 2, 'bueno', NULL, NULL),
(56, 8, 8, 1, 'bueno', NULL, 'HH-H110-EL-002'),
(57, 8, 9, 1, 'bueno', NULL, 'HH-H110-D-001'),
(58, 8, 12, 1, 'bueno', NULL, NULL),
(59, 8, 13, 1, 'bueno', NULL, 'HH-H110-EL-003'),
(67, 10, 2, 2, 'bueno', NULL, NULL),
(68, 10, 4, 1, 'bueno', 'Silla mediana', 'HH-H112-M-002'),
(69, 10, 7, 2, 'bueno', NULL, NULL),
(70, 10, 8, 1, 'bueno', NULL, 'HH-H112-EL-002'),
(71, 10, 10, 1, 'bueno', NULL, NULL),
(72, 10, 11, 1, 'bueno', NULL, NULL),
(73, 10, 12, 1, 'bueno', NULL, NULL),
(74, 10, 13, 1, 'bueno', NULL, 'HH-H112-EL-003'),
(105, 15, 2, 2, 'dañado', '', NULL),
(106, 15, 4, 1, 'bueno', 'Silla mediana', 'HH-H118-M-002'),
(107, 15, 6, 1, 'bueno', 'Ganchos de diferentes tipos', NULL),
(108, 15, 7, 2, 'bueno', '', NULL),
(109, 15, 8, 1, 'bueno', NULL, 'HH-H118-EL-002'),
(110, 15, 12, 1, 'bueno', NULL, NULL),
(111, 15, 13, 1, 'bueno', NULL, 'HH-H118-EL-003'),
(112, 16, 2, 2, 'bueno', NULL, NULL),
(113, 16, 4, 1, 'bueno', 'Silla mediana', 'HH-H119-M-002'),
(114, 16, 7, 2, 'bueno', NULL, NULL),
(115, 16, 8, 1, 'bueno', NULL, 'HH-H119-EL-002'),
(116, 16, 10, 1, 'bueno', NULL, NULL),
(117, 16, 12, 1, 'bueno', NULL, NULL),
(118, 16, 13, 1, 'bueno', NULL, 'HH-H119-EL-003'),
(119, 17, 2, 2, 'bueno', NULL, NULL),
(120, 17, 4, 1, 'bueno', 'Silla mediana', 'HH-H120-M-002'),
(121, 17, 7, 2, 'bueno', NULL, NULL),
(122, 17, 8, 1, 'bueno', NULL, 'HH-H120-EL-002'),
(123, 17, 12, 1, 'bueno', NULL, NULL),
(124, 17, 13, 1, 'bueno', NULL, 'HH-H120-EL-003'),
(132, 19, 2, 2, 'dañado', NULL, NULL),
(133, 19, 4, 1, 'bueno', 'Silla grande', 'HH-H122-M-002'),
(134, 19, 7, 2, 'bueno', NULL, NULL),
(135, 19, 8, 1, 'bueno', NULL, 'HH-H122-EL-002'),
(136, 19, 12, 1, 'bueno', NULL, NULL),
(137, 19, 13, 1, 'bueno', NULL, 'HH-H122-EL-003'),
(172, 20, 2, 2, 'dañado', NULL, NULL),
(173, 20, 4, 1, 'bueno', 'Silla mediana', 'HH-H123-M-002'),
(174, 20, 6, 1, 'bueno', 'Ganchos de diferentes tipos', NULL),
(175, 20, 7, 2, 'bueno', NULL, NULL),
(176, 20, 8, 1, 'bueno', NULL, 'HH-H123-EL-002'),
(177, 20, 12, 1, 'bueno', NULL, NULL),
(178, 20, 13, 1, 'bueno', NULL, 'HH-H123-EL-003'),
(179, 21, 2, 2, 'bueno', NULL, NULL),
(180, 21, 4, 1, 'bueno', 'Silla mediana', 'HH-H124-M-002'),
(181, 21, 7, 2, 'bueno', NULL, NULL),
(182, 21, 8, 1, 'bueno', NULL, 'HH-H124-EL-002'),
(183, 21, 10, 1, 'bueno', NULL, NULL),
(184, 21, 12, 1, 'bueno', NULL, NULL),
(185, 21, 13, 1, 'bueno', NULL, 'HH-H124-EL-003'),
(186, 22, 2, 2, 'bueno', NULL, NULL),
(187, 22, 4, 1, 'bueno', 'Silla mediana', 'HH-H125-M-002'),
(188, 22, 7, 2, 'bueno', NULL, NULL),
(189, 22, 8, 1, 'bueno', NULL, 'HH-H125-EL-002'),
(190, 22, 12, 1, 'bueno', NULL, NULL),
(191, 22, 13, 1, 'bueno', NULL, 'HH-H125-EL-003'),
(192, 23, 2, 2, 'dañado', NULL, NULL),
(193, 23, 4, 1, 'bueno', 'Silla mediana', 'HH-H126-M-002'),
(194, 23, 6, 1, 'bueno', 'Ganchos de diferentes tipos', NULL),
(195, 23, 7, 2, 'bueno', NULL, NULL),
(196, 23, 8, 1, 'bueno', NULL, 'HH-H126-EL-002'),
(197, 23, 12, 1, 'bueno', NULL, NULL),
(198, 23, 13, 1, 'bueno', NULL, 'HH-H126-EL-003'),
(199, 24, 2, 2, 'dañado', NULL, NULL),
(200, 24, 4, 1, 'bueno', 'Silla grande', 'HH-H127-M-002'),
(201, 24, 7, 2, 'bueno', NULL, NULL),
(202, 24, 8, 1, 'bueno', NULL, 'HH-H127-EL-002'),
(203, 24, 12, 1, 'bueno', NULL, NULL),
(204, 24, 13, 1, 'bueno', NULL, 'HH-H127-EL-003'),
(209, 1, 20, 1, 'bueno', NULL, NULL),
(210, 2, 20, 1, 'bueno', NULL, NULL),
(211, 3, 20, 1, 'bueno', NULL, NULL),
(212, 4, 20, 1, 'bueno', NULL, NULL),
(213, 5, 20, 1, 'bueno', NULL, NULL),
(214, 6, 20, 1, 'bueno', NULL, NULL),
(215, 7, 20, 1, 'bueno', NULL, NULL),
(216, 8, 20, 1, 'bueno', NULL, NULL),
(217, 10, 20, 1, 'bueno', NULL, NULL),
(218, 15, 20, 1, 'bueno', NULL, NULL),
(219, 16, 20, 1, 'bueno', NULL, NULL),
(220, 17, 20, 1, 'bueno', NULL, NULL),
(222, 19, 20, 1, 'bueno', NULL, NULL),
(223, 20, 20, 1, 'bueno', NULL, NULL),
(224, 21, 20, 1, 'bueno', NULL, NULL),
(225, 22, 20, 1, 'bueno', NULL, NULL),
(226, 23, 20, 1, 'bueno', NULL, NULL),
(227, 24, 20, 1, 'bueno', NULL, NULL),
(316, 1, 4, 1, 'bueno', 'Silla mediana', 'HH-H103-M-002'),
(344, 26, 2, 2, 'dañado', NULL, NULL),
(345, 26, 4, 1, 'bueno', 'Silla mediana', 'HH-H201-M-002'),
(346, 26, 7, 2, 'bueno', NULL, NULL),
(347, 26, 8, 1, 'bueno', NULL, 'HH-H201-EL-002'),
(348, 26, 12, 1, 'bueno', NULL, NULL),
(349, 26, 13, 1, 'bueno', NULL, 'HH-H201-EL-003'),
(428, 27, 2, 2, 'bueno', NULL, NULL),
(429, 27, 4, 1, 'bueno', 'Silla mediana', 'HH-H202-M-002'),
(430, 27, 6, 1, 'bueno', NULL, NULL),
(431, 27, 7, 2, 'bueno', NULL, NULL),
(432, 27, 8, 1, 'bueno', NULL, 'HH-H202-EL-002'),
(433, 27, 9, 1, 'bueno', NULL, 'HH-H202-D-001'),
(434, 27, 12, 1, 'bueno', NULL, NULL),
(435, 27, 20, 1, 'bueno', NULL, NULL),
(436, 28, 2, 2, 'dañado', NULL, NULL),
(437, 28, 4, 1, 'bueno', 'Silla mediana', 'HH-H203-M-002'),
(438, 28, 6, 1, 'bueno', NULL, NULL),
(439, 28, 7, 2, 'bueno', NULL, NULL),
(440, 28, 8, 1, 'bueno', NULL, 'HH-H203-EL-002'),
(441, 28, 12, 1, 'bueno', NULL, NULL),
(442, 28, 13, 1, 'bueno', NULL, 'HH-H203-EL-003'),
(443, 28, 20, 1, 'bueno', NULL, NULL),
(444, 29, 2, 2, 'bueno', NULL, NULL),
(445, 29, 4, 1, 'bueno', 'Silla mediana', 'HH-H204-M-002'),
(446, 29, 6, 1, 'bueno', NULL, NULL),
(447, 29, 7, 2, 'bueno', NULL, NULL),
(448, 29, 8, 1, 'bueno', NULL, 'HH-H204-EL-002'),
(449, 29, 11, 1, 'bueno', NULL, NULL),
(450, 29, 12, 1, 'bueno', NULL, NULL),
(451, 29, 13, 1, 'bueno', NULL, 'HH-H204-EL-003'),
(452, 29, 20, 1, 'bueno', NULL, NULL),
(453, 30, 2, 2, 'dañado', NULL, NULL),
(454, 30, 4, 1, 'bueno', 'Silla mediana', 'HH-H205-M-002'),
(455, 30, 7, 2, 'bueno', NULL, NULL),
(456, 30, 8, 1, 'bueno', NULL, 'HH-H205-EL-002'),
(457, 30, 12, 1, 'bueno', NULL, NULL),
(458, 30, 13, 1, 'bueno', NULL, 'HH-H205-EL-003'),
(459, 30, 20, 1, 'bueno', NULL, NULL),
(460, 31, 2, 2, 'bueno', NULL, NULL),
(461, 31, 4, 1, 'bueno', 'Silla grande', 'HH-H206-M-002'),
(462, 31, 7, 2, 'bueno', NULL, NULL),
(463, 31, 8, 1, 'bueno', NULL, 'HH-H206-EL-002'),
(464, 31, 12, 1, 'bueno', NULL, NULL),
(465, 31, 13, 1, 'bueno', NULL, 'HH-H206-EL-003'),
(466, 31, 20, 1, 'bueno', NULL, NULL),
(467, 32, 2, 2, 'dañado', NULL, NULL),
(468, 32, 4, 1, 'bueno', 'Silla mediana', 'HH-H207-M-002'),
(469, 32, 7, 2, 'bueno', NULL, NULL),
(470, 32, 8, 1, 'bueno', NULL, 'HH-H207-EL-002'),
(471, 32, 11, 1, 'bueno', NULL, NULL),
(472, 32, 12, 1, 'bueno', NULL, NULL),
(473, 32, 13, 1, 'bueno', NULL, 'HH-H207-EL-003'),
(474, 32, 20, 1, 'bueno', NULL, NULL),
(475, 33, 2, 2, 'dañado', NULL, NULL),
(476, 33, 4, 1, 'bueno', 'Silla mediana', 'HH-H208-M-002'),
(477, 33, 7, 2, 'bueno', NULL, NULL),
(478, 33, 8, 1, 'bueno', NULL, 'HH-H208-EL-002'),
(479, 33, 9, 1, 'bueno', NULL, 'HH-H208-D-001'),
(480, 33, 12, 1, 'bueno', NULL, NULL),
(481, 33, 13, 1, 'bueno', NULL, 'HH-H208-EL-003'),
(482, 33, 20, 1, 'bueno', NULL, NULL),
(483, 34, 2, 2, 'dañado', NULL, NULL),
(484, 34, 6, 1, 'bueno', NULL, NULL),
(485, 34, 7, 2, 'bueno', NULL, NULL),
(486, 34, 8, 1, 'bueno', NULL, 'HH-H209-EL-002'),
(487, 34, 12, 1, 'bueno', NULL, NULL),
(488, 34, 13, 1, 'bueno', NULL, 'HH-H209-EL-003'),
(489, 34, 20, 1, 'bueno', NULL, NULL),
(490, 35, 1, 1, 'bueno', NULL, NULL),
(491, 35, 2, 2, 'dañado', NULL, NULL),
(492, 35, 4, 1, 'bueno', 'Silla mediana', 'HH-H210-M-002'),
(493, 35, 7, 2, 'bueno', NULL, NULL),
(494, 35, 8, 1, 'bueno', NULL, 'HH-H210-EL-002'),
(495, 35, 11, 1, 'bueno', NULL, NULL),
(496, 35, 12, 1, 'bueno', NULL, NULL),
(497, 35, 13, 1, 'bueno', NULL, 'HH-H210-EL-003'),
(498, 35, 20, 1, 'dañado', NULL, NULL),
(499, 42, 2, 2, 'dañado', NULL, NULL),
(500, 42, 4, 1, 'bueno', 'Silla grande', 'HH-H218-M-002'),
(501, 42, 7, 2, 'bueno', NULL, NULL),
(502, 42, 8, 1, 'bueno', NULL, 'HH-H218-EL-002'),
(503, 42, 12, 1, 'bueno', NULL, NULL),
(504, 42, 13, 1, 'bueno', NULL, 'HH-H218-EL-003'),
(505, 42, 20, 1, 'bueno', NULL, NULL),
(506, 43, 2, 2, 'dañado', NULL, NULL),
(507, 43, 4, 1, 'bueno', 'Silla mediana', 'HH-H219-M-002'),
(508, 43, 7, 2, 'bueno', NULL, NULL),
(509, 43, 8, 1, 'bueno', NULL, 'HH-H219-EL-002'),
(510, 43, 12, 1, 'bueno', NULL, NULL),
(511, 43, 13, 1, 'bueno', NULL, 'HH-H219-EL-003'),
(512, 43, 20, 1, 'bueno', NULL, NULL),
(513, 44, 2, 2, 'bueno', NULL, NULL),
(514, 44, 4, 1, 'bueno', 'Silla mediana', 'HH-H220-M-002'),
(515, 44, 7, 2, 'bueno', NULL, NULL),
(516, 44, 8, 1, 'bueno', NULL, 'HH-H220-EL-002'),
(517, 44, 12, 1, 'bueno', NULL, NULL),
(518, 44, 13, 1, 'bueno', NULL, 'HH-H220-EL-003'),
(519, 44, 20, 1, 'bueno', NULL, NULL),
(520, 45, 1, 1, 'bueno', NULL, NULL),
(521, 45, 2, 2, 'dañado', NULL, NULL),
(522, 45, 4, 1, 'bueno', 'Silla mediana', 'HH-H221-M-002'),
(523, 45, 7, 2, 'bueno', NULL, NULL),
(524, 45, 8, 1, 'bueno', NULL, 'HH-H221-EL-002'),
(525, 45, 11, 1, 'bueno', NULL, NULL),
(526, 45, 12, 1, 'bueno', NULL, NULL),
(527, 45, 13, 1, 'bueno', NULL, 'HH-H221-EL-003'),
(528, 45, 20, 1, 'bueno', NULL, NULL),
(529, 46, 2, 2, 'bueno', NULL, NULL),
(530, 46, 4, 1, 'bueno', 'Silla mediana', 'HH-H222-M-002'),
(531, 46, 7, 2, 'bueno', NULL, NULL),
(532, 46, 8, 1, 'bueno', NULL, 'HH-H222-EL-002'),
(533, 46, 12, 1, 'bueno', NULL, NULL),
(534, 46, 13, 1, 'bueno', NULL, 'HH-H222-EL-003'),
(535, 46, 20, 1, 'bueno', NULL, NULL),
(536, 47, 2, 2, 'bueno', NULL, NULL),
(537, 47, 4, 1, 'bueno', 'Silla mediana', 'HH-H223-M-002'),
(538, 47, 7, 2, 'bueno', NULL, NULL),
(539, 47, 12, 1, 'bueno', NULL, NULL),
(540, 47, 13, 1, 'bueno', NULL, 'HH-H223-EL-003'),
(541, 47, 20, 1, 'bueno', NULL, NULL),
(542, 48, 2, 2, 'dañado', NULL, NULL),
(543, 48, 4, 1, 'bueno', 'Silla grande', 'HH-H224-M-002'),
(544, 48, 6, 1, 'bueno', NULL, NULL),
(545, 48, 7, 2, 'bueno', NULL, NULL),
(546, 48, 8, 1, 'bueno', NULL, 'HH-H224-EL-002'),
(547, 48, 12, 1, 'bueno', NULL, NULL),
(548, 48, 13, 1, 'bueno', NULL, 'HH-H224-EL-003'),
(549, 48, 20, 1, 'bueno', NULL, NULL),
(550, 49, 2, 2, 'bueno', NULL, NULL),
(551, 49, 4, 1, 'bueno', 'Silla mediana', 'HH-H225-M-002'),
(552, 49, 7, 2, 'bueno', NULL, NULL),
(553, 49, 8, 1, 'bueno', NULL, 'HH-H225-EL-002'),
(554, 49, 12, 1, 'bueno', NULL, NULL),
(555, 49, 13, 1, 'bueno', NULL, 'HH-H225-EL-003'),
(556, 49, 20, 1, 'bueno', NULL, NULL),
(557, 50, 2, 2, 'bueno', NULL, NULL),
(558, 50, 4, 1, 'bueno', 'Silla mediana', 'HH-H226-M-002'),
(559, 50, 6, 1, 'bueno', NULL, NULL),
(560, 50, 7, 2, 'bueno', NULL, NULL),
(561, 50, 8, 1, 'bueno', NULL, 'HH-H226-EL-002'),
(562, 50, 12, 1, 'bueno', NULL, NULL),
(563, 50, 13, 1, 'bueno', NULL, 'HH-H226-EL-003'),
(564, 50, 20, 1, 'bueno', NULL, NULL),
(565, 51, 2, 2, 'dañado', NULL, NULL),
(566, 51, 4, 1, 'bueno', 'Silla chica', 'HH-H227-M-002'),
(567, 51, 6, 1, 'bueno', NULL, NULL),
(568, 51, 7, 2, 'bueno', NULL, NULL),
(569, 51, 8, 1, 'bueno', NULL, 'HH-H227-EL-002'),
(570, 51, 12, 1, 'bueno', NULL, NULL),
(571, 51, 13, 1, 'bueno', NULL, 'HH-H227-EL-003'),
(572, 51, 20, 1, 'bueno', NULL, NULL),
(690, 52, 2, 2, 'dañado', NULL, NULL),
(691, 52, 4, 1, 'bueno', 'Silla chica', NULL),
(692, 52, 7, 2, 'bueno', NULL, NULL),
(693, 52, 8, 1, 'bueno', NULL, NULL),
(694, 52, 12, 1, 'bueno', NULL, NULL),
(695, 52, 13, 1, 'bueno', NULL, NULL),
(696, 53, 2, 2, 'bueno', NULL, NULL),
(697, 53, 4, 1, 'bueno', 'Silla mediana', NULL),
(698, 53, 6, 1, 'bueno', NULL, NULL),
(699, 53, 7, 2, 'bueno', NULL, NULL),
(700, 53, 8, 1, 'bueno', NULL, NULL),
(701, 53, 12, 1, 'bueno', NULL, NULL),
(702, 53, 13, 1, 'bueno', NULL, NULL),
(703, 53, 20, 1, 'bueno', NULL, NULL),
(704, 54, 1, 1, 'bueno', NULL, NULL),
(705, 54, 2, 2, 'bueno', NULL, NULL),
(706, 54, 4, 1, 'bueno', 'Silla mediana', NULL),
(707, 54, 6, 1, 'bueno', NULL, NULL),
(708, 54, 7, 2, 'bueno', NULL, NULL),
(709, 54, 8, 1, 'bueno', NULL, NULL),
(710, 54, 12, 1, 'bueno', NULL, NULL),
(711, 54, 13, 1, 'bueno', NULL, NULL),
(712, 54, 20, 1, 'bueno', NULL, NULL),
(713, 55, 2, 2, 'dañado', NULL, NULL),
(714, 55, 4, 1, 'bueno', 'Silla chica', NULL),
(715, 55, 7, 2, 'bueno', NULL, NULL),
(716, 55, 8, 1, 'bueno', NULL, NULL),
(717, 55, 11, 1, 'bueno', NULL, NULL),
(718, 55, 12, 1, 'bueno', NULL, NULL),
(719, 55, 13, 1, 'bueno', NULL, NULL),
(720, 55, 20, 1, 'dañado', NULL, NULL),
(721, 56, 2, 2, 'dañado', NULL, NULL),
(722, 56, 4, 1, 'bueno', 'Silla mediana', NULL),
(723, 56, 6, 1, 'bueno', NULL, NULL),
(724, 56, 7, 2, 'bueno', NULL, NULL),
(725, 56, 8, 1, 'bueno', NULL, NULL),
(726, 56, 12, 1, 'bueno', NULL, NULL),
(727, 56, 13, 1, 'bueno', NULL, NULL),
(728, 56, 20, 1, 'dañado', NULL, NULL),
(729, 57, 2, 2, 'bueno', NULL, NULL),
(730, 57, 4, 1, 'bueno', 'Silla mediana', NULL),
(731, 57, 7, 2, 'bueno', NULL, NULL),
(732, 57, 8, 1, 'bueno', NULL, NULL),
(733, 57, 13, 1, 'bueno', NULL, NULL),
(734, 57, 20, 1, 'bueno', NULL, NULL),
(735, 58, 2, 2, 'bueno', NULL, NULL),
(736, 58, 4, 1, 'bueno', 'Silla mediana', NULL),
(737, 58, 6, 1, 'bueno', NULL, NULL),
(738, 58, 7, 2, 'bueno', NULL, NULL),
(739, 58, 8, 1, 'bueno', NULL, NULL),
(740, 58, 11, 1, 'bueno', NULL, NULL),
(741, 58, 12, 1, 'bueno', NULL, NULL),
(742, 58, 13, 1, 'bueno', NULL, NULL),
(743, 58, 20, 1, 'bueno', NULL, NULL),
(744, 59, 2, 2, 'bueno', NULL, NULL),
(745, 59, 4, 1, 'bueno', 'Silla mediana', NULL),
(746, 59, 6, 1, 'bueno', NULL, NULL),
(747, 59, 7, 2, 'bueno', NULL, NULL),
(748, 59, 8, 1, 'bueno', NULL, NULL),
(749, 59, 11, 1, 'bueno', NULL, NULL),
(750, 59, 12, 1, 'bueno', NULL, NULL),
(751, 59, 13, 1, 'bueno', NULL, NULL),
(752, 59, 20, 1, 'bueno', NULL, NULL),
(753, 60, 2, 2, 'bueno', NULL, NULL),
(754, 60, 4, 1, 'bueno', 'Silla chica', NULL),
(755, 60, 6, 1, 'bueno', NULL, NULL),
(756, 60, 7, 2, 'bueno', NULL, NULL),
(757, 60, 8, 1, 'bueno', NULL, NULL),
(758, 60, 11, 1, 'bueno', NULL, NULL),
(759, 60, 12, 1, 'bueno', NULL, NULL),
(760, 60, 13, 1, 'bueno', NULL, NULL),
(761, 60, 20, 1, 'dañado', NULL, NULL),
(762, 61, 2, 2, 'bueno', NULL, NULL),
(763, 61, 4, 1, 'bueno', 'Silla chica', NULL),
(764, 61, 6, 1, 'bueno', NULL, NULL),
(765, 61, 7, 2, 'bueno', NULL, NULL),
(766, 61, 8, 1, 'bueno', NULL, NULL),
(767, 61, 12, 1, 'bueno', NULL, NULL),
(768, 61, 13, 1, 'bueno', NULL, NULL),
(769, 61, 20, 1, 'dañado', NULL, NULL),
(770, 68, 2, 2, 'bueno', NULL, NULL),
(771, 68, 4, 1, 'bueno', 'Silla mediana', NULL),
(772, 68, 6, 1, 'bueno', NULL, NULL),
(773, 68, 7, 2, 'bueno', NULL, NULL),
(774, 68, 8, 1, 'bueno', NULL, NULL),
(775, 68, 12, 1, 'bueno', NULL, NULL),
(776, 68, 13, 1, 'bueno', NULL, NULL),
(777, 68, 20, 1, 'bueno', NULL, NULL),
(778, 69, 2, 2, 'bueno', NULL, NULL),
(779, 69, 4, 1, 'bueno', 'Silla mediana', NULL),
(780, 69, 7, 2, 'bueno', NULL, NULL),
(781, 69, 8, 1, 'bueno', NULL, NULL),
(782, 69, 11, 1, 'bueno', NULL, NULL),
(783, 69, 12, 1, 'bueno', NULL, NULL),
(784, 69, 13, 1, 'bueno', NULL, NULL),
(785, 69, 20, 1, 'bueno', NULL, NULL),
(786, 70, 2, 2, 'bueno', NULL, NULL),
(787, 70, 4, 1, 'bueno', 'Silla chica', NULL),
(788, 70, 6, 1, 'bueno', NULL, NULL),
(789, 70, 7, 2, 'bueno', NULL, NULL),
(790, 70, 8, 1, 'bueno', NULL, NULL),
(791, 70, 12, 1, 'bueno', NULL, NULL),
(792, 70, 13, 1, 'bueno', NULL, NULL),
(793, 70, 20, 1, 'bueno', NULL, NULL),
(794, 71, 2, 2, 'bueno', NULL, NULL),
(795, 71, 4, 1, 'bueno', 'Silla mediana', NULL),
(796, 71, 7, 2, 'bueno', NULL, NULL),
(797, 71, 8, 1, 'bueno', NULL, NULL),
(798, 71, 11, 1, 'bueno', NULL, NULL),
(799, 71, 12, 1, 'bueno', NULL, NULL),
(800, 71, 13, 1, 'bueno', NULL, NULL),
(801, 71, 20, 1, 'bueno', NULL, NULL),
(802, 72, 2, 2, 'dañado', NULL, NULL),
(803, 72, 4, 1, 'bueno', 'Silla mediana', NULL),
(804, 72, 6, 1, 'bueno', NULL, NULL),
(805, 72, 7, 2, 'bueno', NULL, NULL),
(806, 72, 8, 1, 'bueno', NULL, NULL),
(807, 72, 12, 1, 'bueno', NULL, NULL),
(808, 72, 13, 1, 'bueno', NULL, NULL),
(809, 72, 20, 1, 'bueno', NULL, NULL),
(810, 73, 2, 2, 'bueno', NULL, NULL),
(811, 73, 4, 1, 'bueno', 'Silla mediana', NULL),
(812, 73, 6, 1, 'bueno', NULL, NULL),
(813, 73, 7, 2, 'bueno', NULL, NULL),
(814, 73, 8, 1, 'bueno', NULL, NULL),
(815, 73, 12, 1, 'bueno', NULL, NULL),
(816, 73, 13, 1, 'bueno', NULL, NULL),
(817, 73, 20, 1, 'bueno', NULL, NULL),
(818, 74, 2, 2, 'dañado', NULL, NULL),
(819, 74, 4, 1, 'bueno', 'Silla mediana', NULL),
(820, 74, 7, 2, 'bueno', NULL, NULL),
(821, 74, 8, 1, 'bueno', NULL, NULL),
(822, 74, 12, 1, 'bueno', NULL, NULL),
(823, 74, 13, 1, 'bueno', NULL, NULL),
(824, 74, 20, 1, 'dañado', NULL, NULL),
(825, 75, 2, 2, 'bueno', NULL, NULL),
(826, 75, 4, 1, 'bueno', 'Silla mediana', NULL),
(827, 75, 7, 2, 'bueno', NULL, NULL),
(828, 75, 8, 1, 'bueno', NULL, NULL),
(829, 75, 12, 1, 'bueno', NULL, NULL),
(830, 75, 13, 1, 'bueno', NULL, NULL),
(831, 75, 20, 1, 'bueno', NULL, NULL),
(832, 76, 2, 2, 'bueno', NULL, NULL),
(833, 76, 4, 1, 'bueno', 'Silla chica', NULL),
(834, 76, 6, 1, 'bueno', NULL, NULL),
(835, 76, 7, 2, 'bueno', NULL, NULL),
(836, 76, 8, 1, 'bueno', NULL, NULL),
(837, 76, 12, 1, 'bueno', NULL, NULL),
(838, 76, 13, 1, 'bueno', NULL, NULL),
(839, 76, 20, 1, 'bueno', NULL, NULL),
(840, 77, 2, 2, 'bueno', NULL, NULL),
(841, 77, 4, 1, 'bueno', 'Silla mediana', NULL),
(842, 77, 6, 1, 'bueno', NULL, NULL),
(843, 77, 7, 2, 'bueno', NULL, NULL),
(844, 77, 8, 1, 'bueno', NULL, NULL),
(845, 77, 11, 1, 'bueno', NULL, NULL),
(846, 77, 12, 1, 'bueno', NULL, NULL),
(847, 77, 13, 1, 'bueno', NULL, NULL),
(849, 104, 1, 1, 'bueno', NULL, NULL),
(850, 104, 2, 2, 'dañado', NULL, NULL),
(851, 104, 4, 1, 'bueno', 'Silla chica', 'HH-H111-M-002'),
(852, 104, 7, 2, 'bueno', NULL, NULL),
(853, 104, 8, 1, 'bueno', NULL, 'HH-H111-EL-002'),
(854, 104, 9, 1, 'bueno', NULL, 'HH-H111-D-001'),
(855, 104, 11, 1, 'bueno', NULL, NULL),
(856, 104, 12, 1, 'bueno', NULL, NULL),
(857, 104, 13, 1, 'bueno', NULL, 'HH-H111-EL-003'),
(858, 104, 20, 1, 'bueno', NULL, NULL),
(859, 11, 2, 2, 'dañado', NULL, NULL),
(860, 11, 4, 1, 'bueno', 'Silla grande', 'HH-H114-M-002'),
(861, 11, 6, 1, 'bueno', NULL, NULL),
(862, 11, 7, 2, 'bueno', NULL, NULL),
(863, 11, 8, 1, 'bueno', NULL, 'HH-H114-EL-002'),
(864, 11, 9, 1, 'bueno', NULL, 'HH-H114-D-001'),
(865, 11, 12, 1, 'bueno', NULL, NULL),
(866, 11, 13, 1, 'bueno', NULL, 'HH-H114-EL-003'),
(867, 11, 20, 1, 'bueno', NULL, NULL),
(868, 12, 1, 1, 'bueno', NULL, NULL),
(869, 12, 2, 2, 'dañado', NULL, NULL),
(870, 12, 4, 1, 'bueno', 'Silla mediana', 'HH-H115-M-002'),
(871, 12, 6, 1, 'bueno', NULL, NULL),
(872, 12, 7, 2, 'bueno', NULL, NULL),
(873, 12, 8, 1, 'bueno', NULL, 'HH-H115-EL-002'),
(874, 12, 9, 1, 'bueno', NULL, 'HH-H115-D-001'),
(875, 12, 11, 1, 'bueno', NULL, NULL),
(876, 12, 12, 1, 'bueno', NULL, NULL),
(877, 12, 13, 1, 'bueno', NULL, 'HH-H115-EL-003'),
(878, 12, 20, 1, 'dañado', NULL, NULL),
(879, 13, 1, 1, 'bueno', NULL, NULL),
(880, 13, 2, 2, 'bueno', NULL, NULL),
(881, 13, 4, 1, 'bueno', 'Silla mediana', 'HH-H116-M-002'),
(882, 13, 6, 1, 'bueno', NULL, NULL),
(883, 13, 7, 2, 'bueno', NULL, NULL),
(884, 13, 8, 1, 'bueno', NULL, 'HH-H116-EL-002'),
(885, 13, 9, 1, 'bueno', NULL, 'HH-H116-D-001'),
(886, 13, 10, 1, 'bueno', NULL, NULL),
(887, 13, 12, 1, 'bueno', NULL, NULL),
(888, 13, 13, 1, 'bueno', NULL, 'HH-H116-EL-003'),
(889, 13, 20, 1, 'bueno', NULL, NULL),
(890, 14, 2, 2, 'dañado', NULL, NULL),
(891, 14, 4, 1, 'bueno', 'Silla mediana', 'HH-H117-M-002'),
(892, 14, 6, 1, 'bueno', NULL, NULL),
(893, 14, 7, 2, 'bueno', NULL, NULL),
(894, 14, 8, 1, 'bueno', NULL, 'HH-H117-EL-002'),
(895, 14, 12, 1, 'bueno', NULL, NULL),
(896, 14, 13, 1, 'bueno', NULL, 'HH-H117-EL-003'),
(897, 14, 20, 1, 'bueno', NULL, NULL),
(898, 18, 2, 2, 'bueno', NULL, NULL),
(899, 18, 4, 1, 'bueno', 'Silla mediana', 'HH-H121-M-002'),
(900, 18, 6, 1, 'bueno', NULL, NULL),
(901, 18, 7, 2, 'bueno', NULL, NULL),
(902, 18, 8, 1, 'bueno', NULL, 'HH-H121-EL-002'),
(903, 18, 9, 1, 'bueno', NULL, 'HH-H121-D-001'),
(904, 18, 11, 1, 'bueno', NULL, NULL),
(905, 18, 12, 1, 'bueno', NULL, NULL),
(906, 18, 13, 1, 'bueno', NULL, 'HH-H121-EL-003'),
(907, 18, 20, 1, 'bueno', NULL, NULL),
(908, 18, 21, 1, 'bueno', NULL, NULL),
(909, 36, 2, 2, 'bueno', NULL, NULL),
(910, 36, 4, 1, 'bueno', 'Silla chica', 'HH-H211-M-002'),
(911, 36, 6, 1, 'bueno', NULL, NULL),
(912, 36, 7, 2, 'bueno', NULL, NULL),
(913, 36, 8, 1, 'bueno', NULL, 'HH-H211-EL-002'),
(914, 36, 9, 1, 'bueno', NULL, 'HH-H211-D-001'),
(915, 36, 11, 1, 'dañado', NULL, NULL),
(916, 36, 12, 1, 'bueno', NULL, NULL),
(917, 36, 13, 1, 'bueno', NULL, 'HH-H211-EL-003'),
(918, 36, 20, 1, 'bueno', NULL, NULL),
(919, 37, 2, 2, 'bueno', NULL, NULL),
(920, 37, 4, 1, 'bueno', 'Silla mediana', 'HH-H212-M-002'),
(921, 37, 6, 1, 'bueno', NULL, NULL),
(922, 37, 7, 2, 'bueno', NULL, NULL),
(923, 37, 8, 1, 'bueno', NULL, 'HH-H212-EL-002'),
(924, 37, 9, 1, 'bueno', NULL, 'HH-H212-D-001'),
(925, 37, 11, 1, 'bueno', NULL, NULL),
(926, 37, 12, 1, 'bueno', NULL, NULL),
(927, 37, 13, 1, 'bueno', NULL, 'HH-H212-EL-003'),
(928, 37, 20, 1, 'bueno', NULL, NULL),
(929, 38, 2, 2, 'bueno', NULL, NULL),
(930, 38, 4, 1, 'bueno', 'Silla chica', 'HH-H214-M-002'),
(931, 38, 6, 1, 'bueno', NULL, NULL),
(932, 38, 7, 2, 'bueno', NULL, NULL),
(933, 38, 8, 1, 'bueno', NULL, 'HH-H214-EL-002'),
(934, 38, 9, 1, 'bueno', NULL, 'HH-H214-D-001'),
(935, 38, 12, 1, 'bueno', NULL, NULL),
(936, 38, 13, 1, 'bueno', NULL, 'HH-H214-EL-003'),
(937, 38, 20, 1, 'bueno', NULL, NULL),
(938, 38, 21, 1, 'bueno', NULL, NULL),
(939, 40, 2, 2, 'bueno', NULL, NULL),
(940, 40, 4, 1, 'bueno', 'Silla mediana', 'HH-H216-M-002'),
(941, 40, 6, 1, 'bueno', NULL, NULL),
(942, 40, 7, 2, 'bueno', NULL, NULL),
(943, 40, 8, 1, 'bueno', NULL, 'HH-H216-EL-002'),
(944, 40, 9, 1, 'bueno', NULL, 'HH-H216-D-001'),
(945, 40, 12, 1, 'bueno', NULL, NULL),
(946, 40, 13, 1, 'bueno', NULL, 'HH-H216-EL-003'),
(947, 40, 20, 1, 'bueno', NULL, NULL),
(948, 41, 1, 1, 'bueno', NULL, NULL),
(949, 41, 2, 2, 'bueno', NULL, NULL),
(950, 41, 4, 1, 'bueno', 'Silla mediana', 'HH-H217-M-002'),
(951, 41, 6, 1, 'bueno', NULL, NULL),
(952, 41, 7, 2, 'bueno', NULL, NULL),
(953, 41, 8, 1, 'bueno', NULL, 'HH-H217-EL-002'),
(954, 41, 10, 1, 'bueno', NULL, NULL),
(955, 41, 11, 1, 'bueno', NULL, NULL),
(956, 41, 12, 1, 'bueno', NULL, NULL),
(957, 41, 13, 1, 'bueno', NULL, 'HH-H217-EL-003'),
(958, 41, 20, 1, 'bueno', NULL, NULL),
(959, 62, 1, 1, 'bueno', NULL, NULL),
(960, 62, 2, 2, 'bueno', NULL, NULL),
(961, 62, 4, 1, 'bueno', 'Silla mediana', NULL),
(962, 62, 6, 1, 'bueno', NULL, NULL),
(963, 62, 7, 2, 'bueno', NULL, NULL),
(964, 62, 8, 1, 'bueno', NULL, NULL),
(965, 62, 9, 1, 'bueno', NULL, NULL),
(966, 62, 11, 1, 'bueno', NULL, NULL),
(967, 62, 12, 1, 'bueno', NULL, NULL),
(968, 62, 13, 1, 'bueno', NULL, NULL),
(969, 62, 20, 1, 'bueno', NULL, NULL),
(970, 63, 2, 2, 'bueno', NULL, NULL),
(971, 63, 4, 1, 'bueno', 'Silla mediana', NULL),
(972, 63, 6, 1, 'bueno', NULL, NULL),
(973, 63, 7, 2, 'bueno', NULL, NULL),
(974, 63, 8, 1, 'bueno', NULL, NULL),
(975, 63, 11, 1, 'bueno', NULL, NULL),
(976, 63, 12, 1, 'bueno', NULL, NULL),
(977, 63, 13, 1, 'bueno', NULL, NULL),
(978, 63, 20, 1, 'dañado', NULL, NULL),
(979, 63, 21, 1, 'bueno', NULL, NULL),
(980, 64, 1, 1, 'bueno', NULL, NULL),
(981, 64, 2, 2, 'bueno', NULL, NULL),
(982, 64, 4, 1, 'bueno', 'Silla chica', NULL),
(983, 64, 7, 2, 'bueno', NULL, NULL),
(984, 64, 8, 1, 'bueno', NULL, NULL),
(985, 64, 9, 1, 'bueno', NULL, NULL),
(986, 64, 12, 1, 'bueno', NULL, NULL),
(987, 64, 13, 1, 'bueno', NULL, NULL),
(988, 64, 20, 1, 'bueno', NULL, NULL),
(989, 64, 21, 1, 'bueno', NULL, NULL),
(990, 66, 2, 2, 'dañado', NULL, NULL),
(991, 66, 4, 1, 'bueno', 'Silla chica', NULL),
(992, 66, 6, 1, 'bueno', NULL, NULL),
(993, 66, 7, 2, 'bueno', NULL, NULL),
(994, 66, 8, 1, 'bueno', NULL, NULL),
(995, 66, 9, 1, 'bueno', NULL, NULL),
(996, 66, 11, 1, 'bueno', NULL, NULL),
(997, 66, 12, 1, 'bueno', NULL, NULL),
(998, 66, 13, 1, 'bueno', NULL, NULL),
(999, 66, 20, 1, 'bueno', NULL, NULL),
(1000, 66, 21, 1, 'bueno', NULL, NULL),
(1001, 67, 2, 2, 'bueno', NULL, NULL),
(1002, 67, 4, 1, 'bueno', 'Silla chica', NULL),
(1003, 67, 6, 1, 'bueno', NULL, NULL),
(1004, 67, 7, 2, 'bueno', NULL, NULL),
(1005, 67, 8, 1, 'bueno', NULL, NULL),
(1006, 67, 9, 1, 'bueno', NULL, NULL),
(1007, 67, 12, 1, 'bueno', NULL, NULL),
(1008, 67, 13, 1, 'bueno', NULL, NULL),
(1009, 67, 20, 1, 'bueno', NULL, NULL),
(1010, 88, 2, 2, 'bueno', NULL, NULL),
(1011, 88, 4, 1, 'bueno', 'Silla mediana', NULL),
(1012, 88, 6, 1, 'bueno', NULL, NULL),
(1013, 88, 7, 2, 'bueno', NULL, NULL),
(1014, 88, 8, 1, 'bueno', NULL, NULL),
(1015, 88, 10, 1, 'bueno', NULL, NULL),
(1016, 88, 11, 1, 'bueno', NULL, NULL),
(1017, 88, 12, 1, 'bueno', NULL, NULL),
(1018, 88, 13, 1, 'bueno', NULL, NULL),
(1019, 88, 20, 1, 'bueno', NULL, NULL),
(1020, 89, 2, 2, 'dañado', NULL, NULL),
(1021, 89, 4, 1, 'bueno', 'Silla chica', NULL),
(1022, 89, 6, 1, 'bueno', NULL, NULL),
(1023, 89, 7, 2, 'bueno', NULL, NULL),
(1024, 89, 8, 1, 'bueno', NULL, NULL),
(1025, 89, 10, 1, 'bueno', NULL, NULL),
(1026, 89, 12, 1, 'bueno', NULL, NULL),
(1027, 89, 13, 1, 'bueno', NULL, NULL),
(1028, 89, 20, 1, 'bueno', NULL, NULL),
(1029, 89, 21, 1, 'bueno', NULL, NULL),
(1030, 90, 2, 2, 'bueno', NULL, NULL),
(1031, 90, 4, 1, 'bueno', 'Silla mediana', NULL),
(1032, 90, 6, 1, 'bueno', NULL, NULL),
(1033, 90, 7, 2, 'bueno', NULL, NULL),
(1034, 90, 8, 1, 'bueno', NULL, NULL),
(1035, 90, 11, 1, 'dañado', NULL, NULL),
(1036, 90, 12, 1, 'bueno', NULL, NULL),
(1037, 90, 13, 1, 'bueno', NULL, NULL),
(1038, 90, 20, 1, 'dañado', NULL, NULL),
(1039, 90, 21, 1, 'bueno', NULL, NULL),
(1040, 91, 1, 1, 'bueno', NULL, NULL),
(1041, 91, 2, 2, 'bueno', NULL, NULL),
(1042, 91, 4, 1, 'bueno', 'Silla mediana', NULL),
(1043, 91, 6, 1, 'bueno', NULL, NULL),
(1044, 91, 7, 2, 'bueno', NULL, NULL),
(1045, 91, 8, 1, 'bueno', NULL, NULL),
(1046, 91, 11, 1, 'bueno', NULL, NULL),
(1047, 91, 12, 1, 'bueno', NULL, NULL),
(1048, 91, 13, 1, 'bueno', NULL, NULL),
(1049, 91, 20, 1, 'bueno', NULL, NULL),
(1050, 91, 21, 1, 'bueno', NULL, NULL),
(1051, 92, 2, 2, 'bueno', NULL, NULL),
(1052, 92, 4, 1, 'bueno', 'Silla mediana', NULL),
(1053, 92, 6, 1, 'bueno', NULL, NULL),
(1054, 92, 7, 2, 'bueno', NULL, NULL),
(1055, 92, 8, 1, 'bueno', NULL, NULL),
(1056, 92, 11, 1, 'bueno', NULL, NULL),
(1057, 92, 12, 1, 'bueno', NULL, NULL),
(1058, 92, 13, 1, 'bueno', NULL, NULL),
(1059, 92, 20, 1, 'dañado', NULL, NULL),
(1060, 92, 21, 1, 'bueno', NULL, NULL),
(1061, 93, 2, 2, 'dañado', NULL, NULL),
(1062, 93, 4, 1, 'bueno', 'Silla mediana', NULL),
(1063, 93, 6, 1, 'bueno', NULL, NULL),
(1064, 93, 7, 2, 'bueno', NULL, NULL),
(1065, 93, 8, 1, 'bueno', NULL, NULL),
(1066, 93, 11, 1, 'bueno', NULL, NULL),
(1067, 93, 12, 1, 'bueno', NULL, NULL),
(1068, 93, 13, 1, 'bueno', NULL, NULL),
(1069, 93, 20, 1, 'dañado', NULL, NULL),
(1070, 93, 21, 1, 'bueno', NULL, NULL),
(1071, 78, 1, 1, 'bueno', NULL, NULL),
(1072, 78, 2, 2, 'bueno', NULL, NULL),
(1073, 78, 4, 1, 'bueno', 'Silla chica', NULL),
(1074, 78, 7, 2, 'bueno', NULL, NULL),
(1075, 78, 8, 1, 'bueno', NULL, NULL),
(1076, 78, 11, 1, 'bueno', NULL, NULL),
(1077, 78, 12, 1, 'bueno', NULL, NULL),
(1078, 78, 13, 1, 'bueno', NULL, NULL),
(1079, 78, 20, 1, 'bueno', NULL, NULL),
(1080, 79, 2, 2, 'bueno', NULL, NULL),
(1081, 79, 4, 1, 'bueno', 'Silla chica', NULL),
(1082, 79, 6, 1, 'bueno', NULL, NULL),
(1083, 79, 7, 2, 'bueno', NULL, NULL),
(1084, 79, 8, 1, 'bueno', NULL, NULL),
(1085, 79, 12, 1, 'bueno', NULL, NULL),
(1086, 79, 13, 1, 'bueno', NULL, NULL),
(1087, 79, 20, 1, 'dañado', NULL, NULL),
(1088, 80, 2, 2, 'dañado', NULL, NULL),
(1089, 80, 4, 1, 'bueno', 'Silla chica', NULL),
(1090, 80, 6, 1, 'bueno', NULL, NULL),
(1091, 80, 7, 2, 'bueno', NULL, NULL),
(1092, 80, 8, 1, 'bueno', NULL, NULL),
(1093, 80, 11, 1, 'bueno', NULL, NULL),
(1094, 80, 12, 1, 'bueno', NULL, NULL),
(1095, 80, 13, 1, 'bueno', NULL, NULL),
(1096, 80, 20, 1, 'dañado', NULL, NULL),
(1097, 81, 2, 2, 'bueno', NULL, NULL),
(1098, 81, 4, 1, 'bueno', 'Silla chica', NULL),
(1099, 81, 7, 2, 'bueno', NULL, NULL),
(1100, 81, 8, 1, 'bueno', NULL, NULL),
(1101, 81, 11, 1, 'bueno', NULL, NULL),
(1102, 81, 12, 1, 'bueno', NULL, NULL),
(1103, 81, 13, 1, 'bueno', NULL, NULL),
(1104, 82, 2, 2, 'dañado', NULL, NULL),
(1105, 82, 4, 1, 'bueno', 'Silla chica', NULL),
(1106, 82, 6, 1, 'bueno', NULL, NULL),
(1107, 82, 7, 2, 'bueno', NULL, NULL),
(1108, 82, 8, 1, 'bueno', NULL, NULL),
(1109, 82, 11, 1, 'bueno', NULL, NULL),
(1110, 82, 12, 1, 'bueno', NULL, NULL),
(1111, 82, 13, 1, 'bueno', NULL, NULL),
(1112, 82, 20, 1, 'dañado', NULL, NULL),
(1113, 83, 2, 2, 'dañado', NULL, NULL),
(1114, 83, 4, 1, 'bueno', 'Silla chica', NULL),
(1115, 83, 6, 1, 'bueno', NULL, NULL),
(1116, 83, 7, 2, 'bueno', NULL, NULL),
(1117, 83, 8, 1, 'bueno', NULL, NULL),
(1118, 83, 12, 1, 'bueno', NULL, NULL),
(1119, 83, 13, 1, 'bueno', NULL, NULL),
(1120, 83, 20, 1, 'dañado', NULL, NULL),
(1121, 84, 2, 2, 'bueno', NULL, NULL),
(1122, 84, 4, 1, 'bueno', 'Silla chica', NULL),
(1123, 84, 7, 2, 'bueno', NULL, NULL),
(1124, 84, 8, 1, 'bueno', NULL, NULL),
(1125, 84, 11, 1, 'bueno', NULL, NULL),
(1126, 84, 12, 1, 'bueno', NULL, NULL),
(1127, 84, 13, 1, 'bueno', NULL, NULL),
(1128, 84, 20, 1, 'dañado', NULL, NULL),
(1129, 85, 2, 2, 'bueno', NULL, NULL),
(1130, 85, 4, 1, 'bueno', 'Silla mediana', NULL),
(1131, 85, 6, 1, 'bueno', NULL, NULL),
(1132, 85, 7, 2, 'bueno', NULL, NULL),
(1133, 85, 8, 1, 'bueno', NULL, NULL),
(1134, 85, 11, 1, 'bueno', NULL, NULL),
(1135, 85, 12, 1, 'bueno', NULL, NULL),
(1136, 85, 13, 1, 'bueno', NULL, NULL),
(1137, 85, 20, 1, 'bueno', NULL, NULL),
(1138, 86, 2, 2, 'bueno', NULL, NULL),
(1139, 86, 4, 1, 'bueno', 'Silla chica', NULL),
(1140, 86, 6, 1, 'bueno', NULL, NULL),
(1141, 86, 7, 2, 'bueno', NULL, NULL),
(1142, 86, 8, 1, 'bueno', NULL, NULL),
(1143, 86, 12, 1, 'bueno', NULL, NULL),
(1144, 86, 13, 1, 'bueno', NULL, NULL),
(1145, 86, 20, 1, 'dañado', NULL, NULL),
(1146, 87, 2, 2, 'dañado', NULL, NULL),
(1147, 87, 4, 1, 'bueno', 'Silla chica', NULL),
(1148, 87, 6, 1, 'bueno', NULL, NULL),
(1149, 87, 7, 2, 'bueno', NULL, NULL),
(1150, 87, 8, 1, 'bueno', NULL, NULL),
(1151, 87, 12, 1, 'bueno', NULL, NULL),
(1152, 87, 13, 1, 'bueno', NULL, NULL),
(1153, 87, 20, 1, 'bueno', NULL, NULL),
(1154, 94, 2, 2, 'dañado', NULL, NULL),
(1155, 94, 4, 1, 'bueno', 'Silla mediana', NULL),
(1156, 94, 6, 1, 'bueno', NULL, NULL),
(1157, 94, 7, 2, 'bueno', NULL, NULL),
(1158, 94, 8, 1, 'bueno', NULL, NULL),
(1159, 94, 11, 1, 'bueno', NULL, NULL),
(1160, 94, 12, 1, 'bueno', NULL, NULL),
(1161, 94, 13, 1, 'bueno', NULL, NULL),
(1162, 94, 20, 1, 'dañado', NULL, NULL),
(1163, 96, 2, 2, 'bueno', NULL, NULL),
(1164, 96, 4, 1, 'bueno', 'Silla chica', NULL),
(1165, 96, 6, 1, 'bueno', NULL, NULL),
(1166, 96, 7, 2, 'bueno', NULL, NULL),
(1167, 96, 8, 1, 'bueno', NULL, NULL),
(1168, 96, 12, 1, 'bueno', NULL, NULL),
(1169, 96, 13, 1, 'bueno', NULL, NULL),
(1170, 96, 20, 1, 'bueno', NULL, NULL),
(1171, 97, 2, 2, 'bueno', NULL, NULL),
(1172, 97, 4, 1, 'bueno', 'Silla mediana', NULL),
(1173, 97, 6, 1, 'bueno', NULL, NULL),
(1174, 97, 7, 2, 'bueno', NULL, NULL),
(1175, 97, 8, 1, 'bueno', NULL, NULL),
(1176, 97, 11, 1, 'bueno', NULL, NULL),
(1177, 97, 12, 1, 'bueno', NULL, NULL),
(1178, 97, 13, 1, 'bueno', NULL, NULL),
(1179, 97, 20, 1, 'bueno', NULL, NULL),
(1180, 98, 2, 2, 'bueno', NULL, NULL),
(1181, 98, 4, 1, 'bueno', 'Silla chica', NULL),
(1182, 98, 6, 1, 'bueno', NULL, NULL),
(1183, 98, 7, 2, 'bueno', NULL, NULL),
(1184, 98, 8, 1, 'bueno', NULL, NULL),
(1185, 98, 12, 1, 'bueno', NULL, NULL),
(1186, 98, 13, 1, 'bueno', NULL, NULL),
(1187, 98, 20, 1, 'bueno', NULL, NULL),
(1188, 99, 2, 2, 'dañado', NULL, NULL),
(1189, 99, 4, 1, 'bueno', 'Silla grande', NULL),
(1190, 99, 7, 2, 'bueno', NULL, NULL),
(1191, 99, 8, 1, 'bueno', NULL, NULL),
(1192, 99, 12, 1, 'bueno', NULL, NULL),
(1193, 99, 13, 1, 'bueno', NULL, NULL),
(1194, 99, 20, 1, 'bueno', NULL, NULL),
(1195, 100, 2, 2, 'bueno', NULL, NULL),
(1196, 100, 4, 1, 'bueno', 'Silla mediana', NULL),
(1197, 100, 6, 1, 'bueno', NULL, NULL),
(1198, 100, 7, 2, 'bueno', NULL, NULL),
(1199, 100, 8, 1, 'bueno', NULL, NULL),
(1200, 100, 11, 1, 'bueno', NULL, NULL),
(1201, 100, 12, 1, 'bueno', NULL, NULL),
(1202, 100, 13, 1, 'bueno', NULL, NULL),
(1203, 100, 20, 1, 'bueno', NULL, NULL),
(1204, 101, 2, 2, 'dañado', NULL, NULL),
(1205, 101, 4, 1, 'bueno', 'Silla mediana', NULL),
(1206, 101, 6, 1, 'bueno', NULL, NULL),
(1207, 101, 7, 2, 'bueno', NULL, NULL),
(1208, 101, 8, 1, 'bueno', NULL, NULL),
(1209, 101, 12, 1, 'bueno', NULL, NULL),
(1210, 101, 13, 1, 'bueno', NULL, NULL),
(1211, 101, 20, 1, 'bueno', NULL, NULL),
(1212, 102, 2, 2, 'bueno', NULL, NULL),
(1213, 102, 4, 1, 'bueno', 'Silla chica', NULL),
(1214, 102, 6, 1, 'bueno', NULL, NULL),
(1215, 102, 7, 2, 'bueno', NULL, NULL),
(1216, 102, 8, 1, 'bueno', NULL, NULL),
(1217, 102, 11, 1, 'bueno', NULL, NULL),
(1218, 102, 12, 1, 'bueno', NULL, NULL),
(1219, 102, 13, 1, 'bueno', NULL, NULL),
(1220, 102, 20, 1, 'bueno', NULL, NULL),
(1225, 1, 22, 1, 'bueno', NULL, NULL),
(1226, 2, 22, 1, 'bueno', NULL, NULL),
(1227, 3, 22, 1, 'bueno', NULL, NULL),
(1228, 4, 22, 1, 'bueno', NULL, NULL),
(1229, 5, 22, 1, 'bueno', NULL, NULL),
(1230, 6, 22, 1, 'bueno', NULL, NULL),
(1231, 7, 22, 1, 'bueno', NULL, NULL),
(1232, 8, 22, 1, 'bueno', NULL, NULL),
(1233, 10, 22, 1, 'bueno', NULL, NULL),
(1234, 11, 22, 1, 'bueno', NULL, NULL),
(1235, 12, 22, 1, 'bueno', NULL, NULL),
(1236, 13, 22, 1, 'bueno', NULL, NULL),
(1237, 14, 22, 1, 'bueno', NULL, NULL),
(1238, 15, 22, 1, 'bueno', NULL, NULL),
(1239, 16, 22, 1, 'bueno', NULL, NULL),
(1240, 17, 22, 1, 'bueno', NULL, NULL),
(1241, 18, 22, 1, 'bueno', NULL, NULL),
(1242, 19, 22, 1, 'bueno', NULL, NULL),
(1243, 20, 22, 1, 'bueno', NULL, NULL),
(1244, 21, 22, 1, 'bueno', NULL, NULL),
(1245, 22, 22, 1, 'bueno', NULL, NULL),
(1246, 23, 22, 1, 'bueno', NULL, NULL),
(1247, 24, 22, 1, 'bueno', NULL, NULL),
(1248, 26, 22, 1, 'bueno', NULL, NULL),
(1249, 27, 22, 1, 'bueno', NULL, NULL),
(1250, 28, 22, 1, 'bueno', NULL, NULL),
(1251, 29, 22, 1, 'bueno', NULL, NULL),
(1252, 30, 22, 1, 'bueno', NULL, NULL),
(1253, 31, 22, 1, 'bueno', NULL, NULL),
(1254, 32, 22, 1, 'bueno', NULL, NULL),
(1255, 33, 22, 1, 'bueno', NULL, NULL),
(1256, 34, 22, 1, 'bueno', NULL, NULL),
(1257, 35, 22, 1, 'bueno', NULL, NULL),
(1258, 36, 22, 1, 'bueno', NULL, NULL),
(1259, 37, 22, 1, 'bueno', NULL, NULL),
(1260, 38, 22, 1, 'bueno', NULL, NULL),
(1261, 39, 22, 1, 'bueno', NULL, NULL),
(1262, 40, 22, 1, 'bueno', NULL, NULL),
(1263, 41, 22, 1, 'bueno', NULL, NULL),
(1264, 42, 22, 1, 'bueno', NULL, NULL),
(1265, 43, 22, 1, 'bueno', NULL, NULL),
(1266, 44, 22, 1, 'bueno', NULL, NULL),
(1267, 45, 22, 1, 'bueno', NULL, NULL),
(1268, 46, 22, 1, 'bueno', NULL, NULL),
(1269, 47, 22, 1, 'bueno', NULL, NULL),
(1270, 48, 22, 1, 'bueno', NULL, NULL),
(1271, 49, 22, 1, 'bueno', NULL, NULL),
(1272, 50, 22, 1, 'bueno', NULL, NULL),
(1273, 51, 22, 1, 'bueno', NULL, NULL),
(1274, 52, 22, 1, 'bueno', NULL, NULL),
(1275, 53, 22, 1, 'bueno', NULL, NULL),
(1276, 54, 22, 1, 'bueno', NULL, NULL),
(1277, 55, 22, 1, 'bueno', NULL, NULL),
(1278, 56, 22, 1, 'bueno', NULL, NULL),
(1279, 57, 22, 1, 'bueno', NULL, NULL),
(1280, 58, 22, 1, 'bueno', NULL, NULL),
(1281, 59, 22, 1, 'bueno', NULL, NULL),
(1282, 60, 22, 1, 'bueno', NULL, NULL),
(1283, 61, 22, 1, 'bueno', NULL, NULL),
(1284, 62, 22, 1, 'bueno', NULL, NULL),
(1285, 63, 22, 1, 'bueno', NULL, NULL),
(1286, 64, 22, 1, 'bueno', NULL, NULL),
(1287, 65, 22, 1, 'bueno', NULL, NULL),
(1288, 66, 22, 1, 'bueno', NULL, NULL),
(1289, 67, 22, 1, 'bueno', NULL, NULL),
(1290, 68, 22, 1, 'bueno', NULL, NULL),
(1291, 69, 22, 1, 'bueno', NULL, NULL),
(1292, 70, 22, 1, 'bueno', NULL, NULL),
(1293, 71, 22, 1, 'bueno', NULL, NULL),
(1294, 72, 22, 1, 'bueno', NULL, NULL),
(1295, 73, 22, 1, 'bueno', NULL, NULL),
(1296, 74, 22, 1, 'bueno', NULL, NULL),
(1297, 75, 22, 1, 'bueno', NULL, NULL),
(1298, 76, 22, 1, 'bueno', NULL, NULL),
(1299, 77, 22, 1, 'bueno', NULL, NULL),
(1300, 78, 22, 1, 'bueno', NULL, NULL),
(1301, 79, 22, 1, 'bueno', NULL, NULL),
(1302, 80, 22, 1, 'bueno', NULL, NULL),
(1303, 81, 22, 1, 'bueno', NULL, NULL),
(1304, 82, 22, 1, 'bueno', NULL, NULL),
(1305, 83, 22, 1, 'bueno', NULL, NULL),
(1306, 84, 22, 1, 'bueno', NULL, NULL),
(1307, 85, 22, 1, 'bueno', NULL, NULL),
(1308, 86, 22, 1, 'bueno', NULL, NULL),
(1309, 87, 22, 1, 'bueno', NULL, NULL),
(1310, 88, 22, 1, 'bueno', NULL, NULL),
(1311, 89, 22, 1, 'bueno', NULL, NULL),
(1312, 90, 22, 1, 'bueno', NULL, NULL),
(1313, 91, 22, 1, 'bueno', NULL, NULL),
(1314, 92, 22, 1, 'bueno', NULL, NULL),
(1315, 93, 22, 1, 'bueno', NULL, NULL),
(1316, 94, 22, 1, 'bueno', NULL, NULL),
(1317, 95, 22, 1, 'bueno', NULL, NULL),
(1318, 96, 22, 1, 'bueno', NULL, NULL),
(1319, 97, 22, 1, 'bueno', NULL, NULL),
(1320, 98, 22, 1, 'bueno', NULL, NULL),
(1321, 99, 22, 1, 'bueno', NULL, NULL),
(1322, 100, 22, 1, 'bueno', NULL, NULL),
(1323, 101, 22, 1, 'bueno', NULL, NULL),
(1324, 102, 22, 1, 'bueno', NULL, NULL),
(1325, 103, 22, 1, 'bueno', NULL, NULL),
(1326, 104, 22, 1, 'bueno', NULL, NULL),
(1327, 1, 23, 1, 'bueno', '', 'HH-H103-CL-001'),
(1328, 2, 23, 1, 'bueno', NULL, 'HH-H104-CL-001'),
(1329, 3, 23, 1, 'bueno', NULL, 'HH-H105-CL-001'),
(1330, 4, 23, 1, 'bueno', NULL, 'HH-H106-CL-001'),
(1331, 5, 23, 1, 'bueno', NULL, 'HH-H107-CL-001'),
(1332, 6, 23, 1, 'bueno', NULL, 'HH-H108-CL-001'),
(1333, 7, 23, 1, 'bueno', NULL, 'HH-H109-CL-001'),
(1334, 8, 23, 1, 'bueno', NULL, 'HH-H110-CL-001'),
(1335, 10, 23, 1, 'bueno', NULL, 'HH-H112-CL-001'),
(1336, 11, 23, 1, 'bueno', NULL, 'HH-H114-CL-001'),
(1337, 12, 23, 1, 'bueno', NULL, 'HH-H115-CL-001'),
(1338, 13, 23, 1, 'bueno', NULL, 'HH-H116-CL-001'),
(1339, 14, 23, 1, 'bueno', NULL, 'HH-H117-CL-001'),
(1340, 15, 23, 1, 'bueno', NULL, 'HH-H118-CL-001'),
(1341, 16, 23, 1, 'bueno', NULL, 'HH-H119-CL-001'),
(1342, 17, 23, 1, 'bueno', NULL, 'HH-H120-CL-001'),
(1343, 18, 23, 1, 'bueno', NULL, 'HH-H121-CL-001'),
(1344, 19, 23, 1, 'bueno', NULL, 'HH-H122-CL-001'),
(1345, 20, 23, 1, 'bueno', NULL, 'HH-H123-CL-001'),
(1346, 21, 23, 1, 'bueno', NULL, 'HH-H124-CL-001'),
(1347, 22, 23, 1, 'bueno', NULL, 'HH-H125-CL-001'),
(1348, 23, 23, 1, 'bueno', NULL, 'HH-H126-CL-001'),
(1349, 24, 23, 1, 'bueno', NULL, 'HH-H127-CL-001'),
(1350, 26, 23, 1, 'bueno', NULL, 'HH-H201-CL-001'),
(1351, 27, 23, 1, 'bueno', NULL, 'HH-H202-CL-001'),
(1352, 28, 23, 1, 'bueno', NULL, 'HH-H203-CL-001'),
(1353, 29, 23, 1, 'bueno', NULL, 'HH-H204-CL-001'),
(1354, 30, 23, 1, 'bueno', NULL, 'HH-H205-CL-001'),
(1355, 31, 23, 1, 'bueno', NULL, 'HH-H206-CL-001'),
(1356, 32, 23, 1, 'bueno', NULL, 'HH-H207-CL-001'),
(1357, 33, 23, 1, 'bueno', NULL, 'HH-H208-CL-001'),
(1358, 34, 23, 1, 'bueno', NULL, 'HH-H209-CL-001'),
(1359, 35, 23, 1, 'bueno', NULL, 'HH-H210-CL-001'),
(1360, 36, 23, 1, 'bueno', NULL, 'HH-H211-CL-001'),
(1361, 37, 23, 1, 'bueno', NULL, 'HH-H212-CL-001'),
(1362, 38, 23, 1, 'bueno', NULL, 'HH-H214-CL-001'),
(1363, 39, 23, 1, 'bueno', NULL, 'HH-H215-CL-001'),
(1364, 40, 23, 1, 'bueno', NULL, 'HH-H216-CL-001'),
(1365, 41, 23, 1, 'bueno', NULL, 'HH-H217-CL-001'),
(1366, 42, 23, 1, 'bueno', NULL, 'HH-H218-CL-001'),
(1367, 43, 23, 1, 'bueno', NULL, 'HH-H219-CL-001'),
(1368, 44, 23, 1, 'bueno', NULL, 'HH-H220-CL-001'),
(1369, 45, 23, 1, 'bueno', NULL, 'HH-H221-CL-001'),
(1370, 46, 23, 1, 'bueno', NULL, 'HH-H222-CL-001'),
(1371, 47, 23, 1, 'bueno', NULL, 'HH-H223-CL-001'),
(1372, 48, 23, 1, 'bueno', NULL, 'HH-H224-CL-001'),
(1373, 49, 23, 1, 'bueno', NULL, 'HH-H225-CL-001'),
(1374, 50, 23, 1, 'bueno', NULL, 'HH-H226-CL-001'),
(1375, 51, 23, 1, 'bueno', NULL, 'HH-H227-CL-001'),
(1376, 52, 23, 1, 'bueno', NULL, NULL),
(1377, 53, 23, 1, 'bueno', NULL, NULL),
(1378, 54, 23, 1, 'bueno', NULL, NULL),
(1379, 55, 23, 1, 'bueno', NULL, NULL),
(1380, 56, 23, 1, 'bueno', NULL, NULL),
(1381, 57, 23, 1, 'bueno', NULL, NULL),
(1382, 58, 23, 1, 'bueno', NULL, NULL),
(1383, 59, 23, 1, 'bueno', NULL, NULL),
(1384, 60, 23, 1, 'bueno', NULL, NULL),
(1385, 61, 23, 1, 'bueno', NULL, NULL),
(1386, 62, 23, 1, 'bueno', NULL, NULL),
(1387, 63, 23, 1, 'bueno', NULL, NULL),
(1388, 64, 23, 1, 'bueno', NULL, NULL),
(1389, 65, 23, 1, 'bueno', NULL, NULL),
(1390, 66, 23, 1, 'bueno', NULL, NULL),
(1391, 67, 23, 1, 'bueno', NULL, NULL),
(1392, 68, 23, 1, 'bueno', NULL, NULL),
(1393, 69, 23, 1, 'bueno', NULL, NULL),
(1394, 70, 23, 1, 'bueno', NULL, NULL),
(1395, 71, 23, 1, 'bueno', NULL, NULL),
(1396, 72, 23, 1, 'bueno', NULL, NULL),
(1397, 73, 23, 1, 'bueno', NULL, NULL),
(1398, 74, 23, 1, 'bueno', NULL, NULL),
(1399, 75, 23, 1, 'bueno', NULL, NULL),
(1400, 76, 23, 1, 'bueno', NULL, NULL),
(1401, 77, 23, 1, 'bueno', NULL, NULL),
(1402, 78, 23, 1, 'bueno', NULL, NULL),
(1403, 79, 23, 1, 'bueno', NULL, NULL),
(1404, 80, 23, 1, 'bueno', NULL, NULL),
(1405, 81, 23, 1, 'bueno', NULL, NULL),
(1406, 82, 23, 1, 'bueno', NULL, NULL),
(1407, 83, 23, 1, 'bueno', NULL, NULL),
(1408, 84, 23, 1, 'bueno', NULL, NULL),
(1409, 85, 23, 1, 'bueno', NULL, NULL),
(1410, 86, 23, 1, 'bueno', NULL, NULL),
(1411, 87, 23, 1, 'bueno', NULL, NULL),
(1412, 88, 23, 1, 'bueno', NULL, NULL),
(1413, 89, 23, 1, 'bueno', NULL, NULL),
(1414, 90, 23, 1, 'bueno', NULL, NULL),
(1415, 91, 23, 1, 'bueno', NULL, NULL),
(1416, 92, 23, 1, 'bueno', NULL, NULL),
(1417, 93, 23, 1, 'bueno', NULL, NULL),
(1418, 94, 23, 1, 'bueno', NULL, NULL),
(1419, 95, 23, 1, 'bueno', NULL, NULL),
(1420, 96, 23, 1, 'bueno', NULL, NULL),
(1421, 97, 23, 1, 'bueno', NULL, NULL),
(1422, 98, 23, 1, 'bueno', NULL, NULL),
(1423, 99, 23, 1, 'bueno', NULL, NULL),
(1424, 100, 23, 1, 'bueno', NULL, NULL),
(1425, 101, 23, 1, 'bueno', NULL, NULL),
(1426, 102, 23, 1, 'bueno', NULL, NULL),
(1427, 103, 23, 1, 'bueno', NULL, NULL),
(1428, 104, 23, 1, 'bueno', NULL, 'HH-H111-CL-001'),
(1433, 1, 29, 1, 'bueno', '', 'HH-H103-EL-001'),
(1434, 2, 29, 1, 'bueno', NULL, 'HH-H104-EL-001'),
(1435, 3, 29, 1, 'bueno', NULL, 'HH-H105-EL-001'),
(1436, 4, 29, 1, 'bueno', NULL, 'HH-H106-EL-001'),
(1437, 5, 29, 1, 'bueno', NULL, 'HH-H107-EL-001'),
(1438, 6, 29, 1, 'bueno', NULL, 'HH-H108-EL-001'),
(1439, 7, 29, 1, 'bueno', NULL, 'HH-H109-EL-001'),
(1440, 8, 29, 1, 'bueno', NULL, 'HH-H110-EL-001'),
(1441, 104, 29, 1, 'bueno', NULL, 'HH-H111-EL-001'),
(1442, 10, 29, 1, 'bueno', NULL, 'HH-H112-EL-001'),
(1443, 11, 29, 1, 'bueno', NULL, 'HH-H114-EL-001'),
(1444, 12, 29, 1, 'bueno', NULL, 'HH-H115-EL-001'),
(1445, 13, 29, 1, 'bueno', NULL, 'HH-H116-EL-001'),
(1446, 14, 29, 1, 'bueno', NULL, 'HH-H117-EL-001'),
(1447, 15, 29, 1, 'bueno', NULL, 'HH-H118-EL-001'),
(1448, 16, 29, 1, 'bueno', NULL, 'HH-H119-EL-001'),
(1449, 17, 29, 1, 'bueno', NULL, 'HH-H120-EL-001'),
(1450, 18, 29, 1, 'bueno', NULL, 'HH-H121-EL-001'),
(1451, 19, 29, 1, 'bueno', NULL, 'HH-H122-EL-001'),
(1452, 20, 29, 1, 'bueno', NULL, 'HH-H123-EL-001'),
(1453, 21, 29, 1, 'bueno', NULL, 'HH-H124-EL-001'),
(1454, 22, 29, 1, 'bueno', NULL, 'HH-H125-EL-001'),
(1455, 23, 29, 1, 'bueno', NULL, 'HH-H126-EL-001'),
(1456, 24, 29, 1, 'bueno', NULL, 'HH-H127-EL-001'),
(1457, 26, 29, 1, 'bueno', NULL, 'HH-H201-EL-001'),
(1458, 27, 29, 1, 'bueno', NULL, 'HH-H202-EL-001'),
(1459, 28, 29, 1, 'bueno', NULL, 'HH-H203-EL-001'),
(1460, 29, 29, 1, 'bueno', NULL, 'HH-H204-EL-001'),
(1461, 30, 29, 1, 'bueno', NULL, 'HH-H205-EL-001'),
(1462, 31, 29, 1, 'bueno', NULL, 'HH-H206-EL-001'),
(1463, 32, 29, 1, 'bueno', NULL, 'HH-H207-EL-001'),
(1464, 33, 29, 1, 'bueno', NULL, 'HH-H208-EL-001'),
(1465, 34, 29, 1, 'bueno', NULL, 'HH-H209-EL-001'),
(1466, 35, 29, 1, 'bueno', NULL, 'HH-H210-EL-001'),
(1467, 36, 29, 1, 'bueno', NULL, 'HH-H211-EL-001'),
(1468, 37, 29, 1, 'bueno', NULL, 'HH-H212-EL-001'),
(1469, 38, 29, 1, 'bueno', NULL, 'HH-H214-EL-001'),
(1470, 39, 29, 1, 'bueno', NULL, 'HH-H215-EL-001'),
(1471, 40, 29, 1, 'bueno', NULL, 'HH-H216-EL-001'),
(1472, 41, 29, 1, 'bueno', NULL, 'HH-H217-EL-001'),
(1473, 42, 29, 1, 'bueno', NULL, 'HH-H218-EL-001'),
(1474, 43, 29, 1, 'bueno', NULL, 'HH-H219-EL-001'),
(1475, 44, 29, 1, 'bueno', NULL, 'HH-H220-EL-001'),
(1476, 45, 29, 1, 'bueno', NULL, 'HH-H221-EL-001'),
(1477, 46, 29, 1, 'bueno', NULL, 'HH-H222-EL-001'),
(1478, 47, 29, 1, 'bueno', NULL, 'HH-H223-EL-001'),
(1479, 48, 29, 1, 'bueno', NULL, 'HH-H224-EL-001'),
(1480, 49, 29, 1, 'bueno', NULL, 'HH-H225-EL-001'),
(1481, 50, 29, 1, 'bueno', NULL, 'HH-H226-EL-001'),
(1482, 51, 29, 1, 'bueno', NULL, 'HH-H227-EL-001'),
(1483, 52, 29, 1, 'bueno', NULL, NULL),
(1484, 53, 29, 1, 'bueno', NULL, NULL),
(1485, 54, 29, 1, 'bueno', NULL, NULL),
(1486, 55, 29, 1, 'bueno', NULL, NULL),
(1487, 56, 29, 1, 'bueno', NULL, NULL),
(1488, 57, 29, 1, 'bueno', NULL, NULL),
(1489, 58, 29, 1, 'bueno', NULL, NULL),
(1490, 59, 29, 1, 'bueno', NULL, NULL),
(1491, 60, 29, 1, 'bueno', NULL, NULL),
(1492, 61, 29, 1, 'bueno', NULL, NULL),
(1493, 62, 29, 1, 'bueno', NULL, NULL),
(1494, 63, 29, 1, 'bueno', NULL, NULL),
(1495, 64, 29, 1, 'bueno', NULL, NULL),
(1496, 65, 29, 1, 'bueno', NULL, NULL),
(1497, 66, 29, 1, 'bueno', NULL, NULL),
(1498, 67, 29, 1, 'bueno', NULL, NULL),
(1499, 68, 29, 1, 'bueno', NULL, NULL),
(1500, 69, 29, 1, 'bueno', NULL, NULL),
(1501, 70, 29, 1, 'bueno', NULL, NULL),
(1502, 71, 29, 1, 'bueno', NULL, NULL),
(1503, 72, 29, 1, 'bueno', NULL, NULL),
(1504, 73, 29, 1, 'bueno', NULL, NULL),
(1505, 74, 29, 1, 'bueno', NULL, NULL),
(1506, 75, 29, 1, 'bueno', NULL, NULL),
(1507, 76, 29, 1, 'bueno', NULL, NULL),
(1508, 77, 29, 1, 'bueno', NULL, NULL),
(1509, 78, 29, 1, 'bueno', NULL, NULL),
(1510, 79, 29, 1, 'bueno', NULL, NULL),
(1511, 80, 29, 1, 'bueno', NULL, NULL),
(1512, 81, 29, 1, 'bueno', NULL, NULL),
(1513, 82, 29, 1, 'bueno', NULL, NULL),
(1514, 83, 29, 1, 'bueno', NULL, NULL),
(1515, 84, 29, 1, 'bueno', NULL, NULL),
(1516, 85, 29, 1, 'bueno', NULL, NULL),
(1517, 86, 29, 1, 'bueno', NULL, NULL),
(1518, 87, 29, 1, 'bueno', NULL, NULL),
(1519, 88, 29, 1, 'bueno', NULL, NULL),
(1520, 89, 29, 1, 'bueno', NULL, NULL),
(1521, 90, 29, 1, 'bueno', NULL, NULL),
(1522, 91, 29, 1, 'bueno', NULL, NULL),
(1523, 92, 29, 1, 'bueno', NULL, NULL),
(1524, 93, 29, 1, 'bueno', NULL, NULL),
(1525, 94, 29, 1, 'bueno', NULL, NULL),
(1526, 95, 29, 1, 'bueno', NULL, NULL),
(1527, 96, 29, 1, 'bueno', NULL, NULL),
(1528, 97, 29, 1, 'bueno', NULL, NULL),
(1529, 98, 29, 1, 'bueno', NULL, NULL),
(1530, 99, 29, 1, 'bueno', NULL, NULL),
(1531, 100, 29, 1, 'bueno', NULL, NULL),
(1532, 101, 29, 1, 'bueno', NULL, NULL),
(1533, 102, 29, 1, 'bueno', NULL, NULL),
(1534, 103, 29, 1, 'bueno', NULL, NULL),
(1535, 115, 29, 1, 'bueno', NULL, NULL),
(1560, 1, 30, 1, 'bueno', '', 'HH-H103-M-001'),
(1561, 2, 30, 1, 'bueno', NULL, 'HH-H104-M-001'),
(1562, 3, 30, 1, 'bueno', NULL, 'HH-H105-M-001'),
(1563, 4, 30, 1, 'bueno', NULL, 'HH-H106-M-001'),
(1564, 5, 30, 1, 'bueno', NULL, 'HH-H107-M-001'),
(1565, 6, 30, 1, 'bueno', NULL, 'HH-H108-M-001'),
(1566, 7, 30, 1, 'bueno', NULL, 'HH-H109-M-001'),
(1567, 8, 30, 1, 'bueno', NULL, 'HH-H110-M-001'),
(1568, 104, 30, 1, 'bueno', NULL, 'HH-H111-M-001'),
(1569, 10, 30, 1, 'bueno', NULL, 'HH-H112-M-001'),
(1570, 11, 30, 1, 'bueno', NULL, 'HH-H114-M-001'),
(1571, 12, 30, 1, 'bueno', NULL, 'HH-H115-M-001'),
(1572, 13, 30, 1, 'bueno', NULL, 'HH-H116-M-001'),
(1573, 14, 30, 1, 'bueno', NULL, 'HH-H117-M-001'),
(1574, 15, 30, 1, 'bueno', NULL, 'HH-H118-M-001'),
(1575, 16, 30, 1, 'bueno', NULL, 'HH-H119-M-001'),
(1576, 17, 30, 1, 'bueno', NULL, 'HH-H120-M-001'),
(1577, 18, 30, 1, 'bueno', NULL, 'HH-H121-M-001'),
(1578, 19, 30, 1, 'bueno', NULL, 'HH-H122-M-001'),
(1579, 20, 30, 1, 'bueno', NULL, 'HH-H123-M-001'),
(1580, 21, 30, 1, 'bueno', NULL, 'HH-H124-M-001'),
(1581, 22, 30, 1, 'bueno', NULL, 'HH-H125-M-001'),
(1582, 23, 30, 1, 'bueno', NULL, 'HH-H126-M-001'),
(1583, 24, 30, 1, 'bueno', NULL, 'HH-H127-M-001'),
(1584, 26, 30, 1, 'bueno', NULL, 'HH-H201-M-001'),
(1585, 27, 30, 1, 'bueno', NULL, 'HH-H202-M-001'),
(1586, 28, 30, 1, 'bueno', NULL, 'HH-H203-M-001'),
(1587, 29, 30, 1, 'bueno', NULL, 'HH-H204-M-001'),
(1588, 30, 30, 1, 'bueno', NULL, 'HH-H205-M-001'),
(1589, 31, 30, 1, 'bueno', NULL, 'HH-H206-M-001'),
(1590, 32, 30, 1, 'bueno', NULL, 'HH-H207-M-001'),
(1591, 33, 30, 1, 'bueno', NULL, 'HH-H208-M-001'),
(1592, 34, 30, 1, 'bueno', NULL, 'HH-H209-M-001'),
(1593, 35, 30, 1, 'bueno', NULL, 'HH-H210-M-001'),
(1594, 36, 30, 1, 'bueno', NULL, 'HH-H211-M-001'),
(1595, 37, 30, 1, 'bueno', NULL, 'HH-H212-M-001'),
(1596, 38, 30, 1, 'bueno', NULL, 'HH-H214-M-001'),
(1597, 39, 30, 1, 'bueno', NULL, 'HH-H215-M-001'),
(1598, 40, 30, 1, 'bueno', NULL, 'HH-H216-M-001'),
(1599, 41, 30, 1, 'bueno', NULL, 'HH-H217-M-001'),
(1600, 42, 30, 1, 'bueno', NULL, 'HH-H218-M-001'),
(1601, 43, 30, 1, 'bueno', NULL, 'HH-H219-M-001'),
(1602, 44, 30, 1, 'bueno', NULL, 'HH-H220-M-001'),
(1603, 45, 30, 1, 'bueno', NULL, 'HH-H221-M-001'),
(1604, 46, 30, 1, 'bueno', NULL, 'HH-H222-M-001'),
(1605, 47, 30, 1, 'bueno', NULL, 'HH-H223-M-001'),
(1606, 48, 30, 1, 'bueno', NULL, 'HH-H224-M-001'),
(1607, 49, 30, 1, 'bueno', NULL, 'HH-H225-M-001'),
(1608, 50, 30, 1, 'bueno', NULL, 'HH-H226-M-001'),
(1609, 51, 30, 1, 'bueno', NULL, 'HH-H227-M-001'),
(1610, 52, 30, 1, 'bueno', NULL, NULL),
(1611, 53, 30, 1, 'bueno', NULL, NULL),
(1612, 54, 30, 1, 'bueno', NULL, NULL),
(1613, 55, 30, 1, 'bueno', NULL, NULL),
(1614, 56, 30, 1, 'bueno', NULL, NULL),
(1615, 57, 30, 1, 'bueno', NULL, NULL),
(1616, 58, 30, 1, 'bueno', NULL, NULL),
(1617, 59, 30, 1, 'bueno', NULL, NULL),
(1618, 60, 30, 1, 'bueno', NULL, NULL),
(1619, 61, 30, 1, 'bueno', NULL, NULL),
(1620, 62, 30, 1, 'bueno', NULL, NULL),
(1621, 63, 30, 1, 'bueno', NULL, NULL),
(1622, 64, 30, 1, 'bueno', NULL, NULL),
(1623, 65, 30, 1, 'bueno', NULL, NULL),
(1624, 66, 30, 1, 'bueno', NULL, NULL);
INSERT INTO `inventario_backup` (`id`, `habitacion_id`, `articulo_id`, `cantidad`, `estado`, `comentarios`, `codigo_barras`) VALUES
(1625, 67, 30, 1, 'bueno', NULL, NULL),
(1626, 68, 30, 1, 'bueno', NULL, NULL),
(1627, 69, 30, 1, 'bueno', NULL, NULL),
(1628, 70, 30, 1, 'bueno', NULL, NULL),
(1629, 71, 30, 1, 'bueno', NULL, NULL),
(1630, 72, 30, 1, 'bueno', NULL, NULL),
(1631, 73, 30, 1, 'bueno', NULL, NULL),
(1632, 74, 30, 1, 'bueno', NULL, NULL),
(1633, 75, 30, 1, 'bueno', NULL, NULL),
(1634, 76, 30, 1, 'bueno', NULL, NULL),
(1635, 77, 30, 1, 'bueno', NULL, NULL),
(1636, 78, 30, 1, 'bueno', NULL, NULL),
(1637, 79, 30, 1, 'bueno', NULL, NULL),
(1638, 80, 30, 1, 'bueno', NULL, NULL),
(1639, 81, 30, 1, 'bueno', NULL, NULL),
(1640, 82, 30, 1, 'bueno', NULL, NULL),
(1641, 83, 30, 1, 'bueno', NULL, NULL),
(1642, 84, 30, 1, 'bueno', NULL, NULL),
(1643, 85, 30, 1, 'bueno', NULL, NULL),
(1644, 86, 30, 1, 'bueno', NULL, NULL),
(1645, 87, 30, 1, 'bueno', NULL, NULL),
(1646, 88, 30, 1, 'bueno', NULL, NULL),
(1647, 89, 30, 1, 'bueno', NULL, NULL),
(1648, 90, 30, 1, 'bueno', NULL, NULL),
(1649, 91, 30, 1, 'bueno', NULL, NULL),
(1650, 92, 30, 1, 'bueno', NULL, NULL),
(1651, 93, 30, 1, 'bueno', NULL, NULL),
(1652, 94, 30, 1, 'bueno', NULL, NULL),
(1653, 95, 30, 1, 'bueno', NULL, NULL),
(1654, 96, 30, 1, 'bueno', NULL, NULL),
(1655, 97, 30, 1, 'bueno', NULL, NULL),
(1656, 98, 30, 1, 'bueno', NULL, NULL),
(1657, 99, 30, 1, 'bueno', NULL, NULL),
(1658, 100, 30, 1, 'bueno', NULL, NULL),
(1659, 101, 30, 1, 'bueno', NULL, NULL),
(1660, 102, 30, 1, 'bueno', NULL, NULL),
(1661, 103, 30, 1, 'bueno', NULL, NULL),
(1662, 115, 30, 2, 'bueno', '', NULL),
(1691, 115, 2, 2, 'bueno', '', NULL),
(1692, 15, 11, 1, 'bueno', '', NULL);

-- --------------------------------------------------------

--
-- Estructura de tabla para la tabla `inventario_base`
--

CREATE TABLE `inventario_base` (
  `id` int(11) NOT NULL,
  `tipo_habitacion` varchar(50) NOT NULL,
  `articulo_id` int(11) NOT NULL,
  `cantidad` int(11) NOT NULL DEFAULT 1
) ENGINE=InnoDB DEFAULT CHARSET=utf8mb4 COLLATE=utf8mb4_general_ci;

--
-- Volcado de datos para la tabla `inventario_base`
--

INSERT INTO `inventario_base` (`id`, `tipo_habitacion`, `articulo_id`, `cantidad`) VALUES
(1, 'doble', 1, 0),
(2, 'doble', 2, 2),
(3, 'doble', 4, 1),
(4, 'doble', 6, 0),
(5, 'doble', 7, 2),
(6, 'doble', 8, 1),
(7, 'doble', 9, 1),
(8, 'doble', 10, 0),
(9, 'doble', 11, 1),
(10, 'doble', 12, 1),
(11, 'doble', 13, 1),
(16, 'doble', 20, 1),
(17, 'sencilla', 1, 0),
(18, 'sencilla', 2, 2),
(19, 'sencilla', 4, 1),
(20, 'sencilla', 6, 0),
(21, 'sencilla', 7, 2),
(22, 'sencilla', 8, 1),
(23, 'sencilla', 9, 1),
(24, 'sencilla', 12, 1),
(25, 'sencilla', 13, 1),
(26, 'sencilla', 20, 1),
(27, 'sencilla', 21, 0),
(28, 'superior', 1, 0),
(29, 'superior', 2, 2),
(30, 'superior', 4, 1),
(31, 'superior', 6, 0),
(32, 'superior', 7, 2),
(33, 'superior', 8, 1),
(34, 'superior', 9, 1),
(35, 'superior', 10, 0),
(36, 'superior', 12, 1),
(37, 'superior', 13, 1),
(38, 'superior', 20, 1),
(39, 'superior', 21, 1),
(40, 'sencilla', 11, 1),
(41, 'superior', 11, 1),
(42, 'doble', 22, 1),
(43, 'doble', 23, 1),
(44, 'sencilla', 22, 1),
(45, 'sencilla', 23, 1),
(46, 'superior', 22, 1),
(47, 'superior', 23, 1),
(50, 'sencilla', 29, 1),
(51, 'doble', 29, 1),
(52, 'superior', 29, 1),
(53, 'sencilla', 30, 1),
(54, 'doble', 30, 1),
(55, 'superior', 30, 1),
(56, 'sencilla', 10, 0),
(57, 'doble', 21, 0);

-- --------------------------------------------------------

--
-- Estructura de tabla para la tabla `movimientos`
--

CREATE TABLE `movimientos` (
  `id` int(11) NOT NULL,
  `usuario_id` int(11) NOT NULL,
  `modulo` varchar(50) NOT NULL,
  `accion` varchar(30) NOT NULL,
  `registro_id` int(11) DEFAULT NULL,
  `descripcion` text NOT NULL,
  `fecha` timestamp NOT NULL DEFAULT current_timestamp()
) ENGINE=InnoDB DEFAULT CHARSET=utf8mb4 COLLATE=utf8mb4_general_ci;

--
-- Volcado de datos para la tabla `movimientos`
--

INSERT INTO `movimientos` (`id`, `usuario_id`, `modulo`, `accion`, `registro_id`, `descripcion`, `fecha`) VALUES
(1, 22, 'auth', 'logout', NULL, 'Cerró sesión', '2026-05-26 20:14:01'),
(2, 22, 'articulos', 'editar', 27, 'Editó el artículo \"aguas\"', '2026-05-26 20:16:17'),
(3, 22, 'auth', 'logout', NULL, 'Cerró sesión', '2026-05-26 20:16:45'),
(4, 3, 'articulos', 'editar', 27, 'Editó el artículo \"agua\"', '2026-05-26 20:17:03'),
(5, 3, 'auth', 'logout', NULL, 'Cerró sesión', '2026-05-26 20:17:05'),
(6, 22, 'habitaciones', 'crear', 114, 'Creó la habitación \"777\"', '2026-05-26 20:46:47'),
(7, 22, 'habitaciones', 'editar', 114, 'Editó la habitación \"777\"', '2026-05-26 20:47:05'),
(8, 22, 'habitaciones', 'eliminar', 114, 'Eliminó la habitación \"777\"', '2026-05-26 20:47:35'),
(9, 22, 'auth', 'logout', NULL, 'Cerró sesión', '2026-05-27 13:25:00'),
(10, 2, 'auth', 'logout', NULL, 'Cerró sesión', '2026-05-27 13:25:12'),
(11, 1, 'auth', 'logout', NULL, 'Cerró sesión', '2026-05-27 13:32:26'),
(12, 22, 'auth', 'login', 22, 'Inició sesión', '2026-05-27 13:32:30'),
(13, 22, 'inventario_base', 'crear', 49, 'Agrego al inventario base de la habitación \"sencilla\" el articulo \"27\" con cantidad \"2\"', '2026-05-27 13:54:18'),
(14, 22, 'inventario_base', 'editar', 49, 'Editó el inventario base de la habitación \"sencilla\": el articulo \"\" con cantidad \"1\"', '2026-05-27 14:00:18'),
(15, 22, 'inventario_base', 'editar', 49, 'Editó \"agua\" en inventario base de habitación sencilla: cantidad 3', '2026-05-27 14:06:53'),
(16, 22, 'usuarios', 'crear', 23, 'Creó el usuario \"Dummy\"', '2026-05-27 14:18:36'),
(17, 22, 'usuarios', 'editar', 23, 'Editó el usuario \"Dummy\" con el rol de \"supervisor\" y estado \"1\"', '2026-05-27 14:18:52'),
(18, 22, 'usuarios', 'editar', 23, 'Se desactivo el usuario \"Dummy\"', '2026-05-27 14:24:29'),
(19, 22, 'usuarios', 'editar', 23, 'Se activo el usuario \"Dummy\"', '2026-05-27 14:24:30'),
(20, 22, 'habitaciones', 'crear', 115, 'Creó la habitación \"777\"', '2026-05-27 14:38:59'),
(21, 22, 'inventario', 'crear', 1432, 'Creó un nuevo inventario a la habitación \"Array\" con el artículos \"Array\" (cantidad: 1)', '2026-05-27 14:45:29'),
(22, 22, 'inventario', 'editar', 1432, 'Editó el inventario a la habitación \"777\" con el artículos \"despertador\" (cantidad: 0)', '2026-05-27 15:10:40'),
(23, 22, 'inventario', 'eliminar', 1432, 'Eliminó el artículo \"despertador\" de la habitación \"777\"', '2026-05-27 15:10:47'),
(24, 22, 'auth', 'logout', NULL, 'Cerró sesión', '2026-05-27 15:17:53'),
(25, 2, 'auth', 'login', 2, 'Inició sesión', '2026-05-27 15:17:57'),
(26, 2, 'auth', 'logout', NULL, 'Cerró sesión', '2026-05-27 15:18:00'),
(27, 3, 'auth', 'login', 3, 'Inició sesión', '2026-05-27 15:18:04'),
(28, 3, 'auth', 'logout', NULL, 'Cerró sesión', '2026-05-27 15:18:07'),
(29, 22, 'auth', 'login', 22, 'Inició sesión', '2026-05-27 15:18:11'),
(30, 22, 'auth', 'login', 22, 'Inició sesión', '2026-05-27 18:48:29'),
(31, 22, 'auth', 'login', 22, 'Inició sesión', '2026-05-27 18:49:27'),
(32, 22, 'articulos', 'crear', 29, 'Creó el artículo \"television\"', '2026-05-28 13:18:39'),
(33, 22, 'articulos', 'crear', 30, 'Creó el artículo \"escritorio\"', '2026-05-28 13:18:52'),
(34, 22, 'articulos', 'editar', 29, 'Editó el artículo \"television\"', '2026-05-28 13:23:04'),
(35, 22, 'articulos', 'editar', 30, 'Editó el artículo \"escritorio\"', '2026-05-28 13:23:12'),
(36, 22, 'inventario_base', 'editar', 49, 'Editó \"agua\" en inventario base de habitación sencilla: cantidad 0', '2026-05-28 13:35:46'),
(37, 22, 'inventario', 'editar', 1560, 'Editó el inventario a la habitación \"103\" con el artículos \"escritorio\" (cantidad: 1)', '2026-05-28 13:40:37'),
(38, 22, 'inventario', 'editar', 1327, 'Editó el inventario a la habitación \"103\" con el artículos \"aire acondicionado\" (cantidad: 1)', '2026-05-28 14:01:00'),
(39, 22, 'inventario', 'editar', 316, 'Editó el inventario a la habitación \"103\" con el artículos \"silla\" (cantidad: 1)', '2026-05-28 14:10:46'),
(40, 22, 'inventario', 'editar', 3, 'Editó el inventario a la habitación \"103\" con el artículos \"lampara de escritorio\" (cantidad: 1)', '2026-05-28 14:11:08'),
(41, 22, 'inventario', 'editar', 1433, 'Editó el inventario a la habitación \"103\" con el artículos \"television\" (cantidad: 1)', '2026-05-28 14:11:32'),
(42, 22, 'inventario', 'editar', 2, 'Editó el inventario a la habitación \"103\" con el artículos \"telefono\" (cantidad: 1)', '2026-05-28 14:11:55'),
(43, 22, 'inventario', 'editar', 5, 'Editó el inventario a la habitación \"103\" con el artículos \"caja fuerte\" (cantidad: 1)', '2026-05-28 14:12:18'),
(44, 22, 'inventario', 'editar', 1327, 'Editó el inventario a la habitación \"103\" con el artículos \"aire acondicionado\" (cantidad: 1)', '2026-05-28 14:13:57'),
(45, 22, 'auth', 'login', 22, 'Inició sesión', '2026-05-28 15:07:50'),
(46, 22, 'inventario', 'crear', 1691, 'Creó un nuevo inventario a la habitación \"777\" con el artículos \"capuchas\" (cantidad: 2)', '2026-05-28 19:03:48'),
(47, 22, 'inventario', 'crear', 1692, 'Creó un nuevo inventario a la habitación \"118\" con el artículos \"caja de clinex\" (cantidad: 1)', '2026-05-29 14:08:02'),
(48, 22, 'auth', 'logout', NULL, 'Cerró sesión', '2026-05-29 19:01:59'),
(49, 1, 'auth', 'login', 1, 'Inició sesión', '2026-05-29 19:02:03'),
(50, 1, 'auth', 'logout', NULL, 'Cerró sesión', '2026-05-29 19:02:21'),
(51, 22, 'auth', 'login', 22, 'Inició sesión', '2026-05-29 19:02:29'),
(52, 22, 'auth', 'logout', NULL, 'Cerró sesión', '2026-06-01 13:25:30'),
(53, 2, 'auth', 'login', 2, 'Inició sesión', '2026-06-01 13:25:34'),
(54, 2, 'auth', 'logout', NULL, 'Cerró sesión', '2026-06-01 13:34:52'),
(55, 3, 'auth', 'login', 3, 'Inició sesión', '2026-06-01 13:34:55'),
(56, 3, 'auth', 'logout', NULL, 'Cerró sesión', '2026-06-01 14:00:41'),
(57, 2, 'auth', 'login', 2, 'Inició sesión', '2026-06-01 14:00:46'),
(58, 2, 'auth', 'logout', NULL, 'Cerró sesión', '2026-06-01 14:00:54'),
(59, 22, 'auth', 'login', 22, 'Inició sesión', '2026-06-01 14:00:58'),
(60, 22, 'auth', 'logout', NULL, 'Cerró sesión', '2026-06-01 19:56:46'),
(61, 22, 'auth', 'login', 22, 'Inició sesión', '2026-06-01 19:57:00'),
(62, 22, 'auth', 'logout', NULL, 'Cerró sesión', '2026-06-02 19:38:36'),
(63, 3, 'auth', 'login', 3, 'Inició sesión', '2026-06-02 19:39:10'),
(64, 3, 'auth', 'logout', NULL, 'Cerró sesión', '2026-06-02 19:39:34'),
(65, 22, 'auth', 'login', 22, 'Inició sesión', '2026-06-02 19:39:40'),
(66, 22, 'inventario_base', 'editar', 1, 'Editó \"despertador\" en inventario base de habitación doble: cantidad 0', '2026-06-02 20:17:23'),
(67, 22, 'inventario_base', 'editar', 17, 'Editó \"despertador\" en inventario base de habitación sencilla: cantidad 0', '2026-06-02 20:17:33'),
(68, 22, 'inventario_base', 'editar', 28, 'Editó \"despertador\" en inventario base de habitación superior: cantidad 0', '2026-06-02 20:17:42'),
(69, 22, 'auth', 'logout', NULL, 'Cerró sesión', '2026-06-02 20:34:55'),
(70, 23, 'auth', 'login', 23, 'Inició sesión', '2026-06-02 20:35:28'),
(71, 23, 'auth', 'logout', NULL, 'Cerró sesión', '2026-06-02 20:36:01'),
(72, 22, 'auth', 'login', 22, 'Inició sesión', '2026-06-02 20:36:06'),
(73, 22, 'auth', 'logout', NULL, 'Cerró sesión', '2026-06-02 20:36:46'),
(74, 3, 'auth', 'login', 3, 'Inició sesión', '2026-06-02 20:36:53'),
(75, 3, 'auth', 'logout', NULL, 'Cerró sesión', '2026-06-02 20:37:00'),
(76, 22, 'auth', 'login', 22, 'Inició sesión', '2026-06-02 20:37:06'),
(77, 22, 'usuarios', 'editar', 3, 'Se desactivo el usuario \"Sup\"', '2026-06-02 20:37:11'),
(78, 22, 'auth', 'logout', NULL, 'Cerró sesión', '2026-06-02 20:37:16'),
(79, 22, 'auth', 'login', 22, 'Inició sesión', '2026-06-02 20:37:33'),
(80, 22, 'usuarios', 'editar', 3, 'Se activo el usuario \"Sup\"', '2026-06-02 20:37:38'),
(81, 22, 'auth', 'logout', NULL, 'Cerró sesión', '2026-06-02 20:37:41'),
(82, 3, 'auth', 'login', 3, 'Inició sesión', '2026-06-02 20:37:46'),
(83, 3, 'auth', 'logout', NULL, 'Cerró sesión', '2026-06-02 20:37:50'),
(84, 22, 'auth', 'login', 22, 'Inició sesión', '2026-06-02 20:37:55'),
(85, 22, 'perfil', 'editar', 22, 'Actualizó su perfil: nombre \"Rotce\", correo \"rotceh@gmail.com\"', '2026-06-03 15:41:05'),
(86, 22, 'perfil', 'editar', 22, 'Actualizó su perfil: nombre \"Rotceh\", correo \"rotceh@gmail.com\"', '2026-06-03 15:41:11'),
(87, 22, 'auth', 'logout', NULL, 'Cerró sesión', '2026-06-03 15:43:01'),
(88, 3, 'auth', 'login', 3, 'Inició sesión', '2026-06-03 15:43:06'),
(89, 3, 'auth', 'logout', NULL, 'Cerró sesión', '2026-06-03 15:43:16'),
(90, 22, 'auth', 'login', 22, 'Inició sesión', '2026-06-03 15:43:21'),
(91, 22, 'articulos', 'exportar', NULL, 'Exportó la lista de artículos a Excel', '2026-06-03 19:46:07'),
(92, 22, 'articulos', 'exportar', NULL, 'Exportó la lista de artículos a Excel', '2026-06-03 20:08:45'),
(93, 22, 'articulos', 'exportar', NULL, 'Exportó la lista de artículos a Excel', '2026-06-03 20:16:57'),
(94, 22, 'articulos', 'exportar', NULL, 'Exportó la lista de artículos a Excel', '2026-06-03 20:17:14'),
(95, 22, 'articulos', 'exportar', NULL, 'Exportó la lista de artículos a Excel', '2026-06-03 20:18:21'),
(96, 22, 'articulos', 'exportar', NULL, 'Exportó la lista de artículos a Excel', '2026-06-03 20:20:27'),
(97, 22, 'articulos', 'exportar', NULL, 'Exportó la lista de artículos a Excel', '2026-06-03 20:22:13'),
(98, 22, 'articulos', 'exportar', NULL, 'Exportó la lista de artículos a Excel', '2026-06-03 20:22:43'),
(99, 22, 'articulos', 'exportar', NULL, 'Exportó la lista de artículos a Excel', '2026-06-03 20:24:52'),
(100, 22, 'articulos', 'exportar', NULL, 'Exportó la lista de artículos a Excel', '2026-06-04 13:24:26'),
(101, 22, 'habitaciones', 'exportar', NULL, 'Exportó la lista de habitaciones a Excel', '2026-06-04 13:25:39'),
(102, 22, 'habitaciones', 'exportar', NULL, 'Exportó la lista de habitaciones a Excel', '2026-06-04 13:27:09'),
(103, 22, 'habitaciones', 'exportar', NULL, 'Exportó la lista de habitaciones a Excel', '2026-06-04 13:27:41'),
(104, 22, 'habitaciones', 'exportar', NULL, 'Exportó la lista de habitaciones a Excel', '2026-06-04 13:29:16'),
(105, 22, 'habitaciones', 'exportar', NULL, 'Exportó la lista de habitaciones a Excel', '2026-06-04 13:33:36'),
(106, 22, 'perfil', 'editar', 22, 'Actualizó su perfil: nombre \"Rotceh\", correo \"rotceh@gmail.com\", contrasena \"\".', '2026-06-04 13:59:13'),
(107, 22, 'perfil', 'editar', 22, 'Actualizó su perfil: nombre \"Rotceh\", correo \"rotceh@gmail.com\", contrasena \"\".', '2026-06-04 13:59:35'),
(108, 22, 'perfil', 'editar', 22, 'Actualizó su perfil: nombre \"Rotceh\", correo \"rotceh@gmail.com\", contrasena \"\".', '2026-06-04 13:59:39'),
(109, 22, 'perfil', 'editar', 22, 'Actualizó su perfil: nombre \"Rotceh\", correo \"rotceh@gmail.com\", contrasena \"123\".', '2026-06-04 14:52:42'),
(110, 22, 'auth', 'logout', NULL, 'Cerró sesión', '2026-06-04 14:52:45'),
(111, 22, 'auth', 'login', 22, 'Inició sesión', '2026-06-04 14:52:49'),
(112, 22, 'perfil', 'editar', 22, 'Actualizó su perfil: nombre \"Rotceh\", correo \"rotceh@gmail.com\", contrasena \"777\".', '2026-06-04 14:52:57'),
(113, 22, 'auth', 'logout', NULL, 'Cerró sesión', '2026-06-04 14:52:59'),
(114, 22, 'auth', 'login', 22, 'Inició sesión', '2026-06-04 14:53:05'),
(115, 22, 'auth', 'logout', NULL, 'Cerró sesión', '2026-06-04 14:54:48'),
(116, 22, 'auth', 'login', 22, 'Inició sesión', '2026-06-04 14:55:08'),
(117, 22, 'auth', 'logout', NULL, 'Cerró sesión', '2026-06-04 14:55:11'),
(118, 22, 'auth', 'login', 22, 'Inició sesión', '2026-06-04 14:59:23'),
(119, 22, 'articulos', 'exportar', NULL, 'Exportó la lista de artículos a Excel', '2026-06-04 15:16:29'),
(120, 22, 'habitaciones', 'exportar', NULL, 'Exportó la lista de inventario base a Excel', '2026-06-04 15:17:06'),
(121, 22, 'habitaciones', 'exportar', NULL, 'Exportó la lista de inventario base a Excel', '2026-06-04 15:18:26'),
(122, 22, 'inventario_base', 'exportar', NULL, 'Exportó la lista de inventario base a Excel', '2026-06-04 15:31:19'),
(123, 22, 'inventario_base', 'exportar', NULL, 'Exportó la lista de inventario base a Excel', '2026-06-04 15:31:47'),
(124, 22, 'inventario_base', 'exportar', NULL, 'Exportó la lista de inventario base a Excel', '2026-06-04 15:33:46'),
(125, 22, 'inventario', 'exportar', NULL, 'Exportó la lista de inventario a Excel', '2026-06-04 17:49:04'),
(126, 22, 'inventario', 'exportar', NULL, 'Exportó la lista de inventario a Excel', '2026-06-04 17:55:44'),
(127, 22, 'inventario', 'exportar', NULL, 'Exportó la lista de inventario a Excel', '2026-06-04 17:57:28'),
(128, 22, 'inventario', 'exportar', NULL, 'Exportó la lista de inventario a Excel', '2026-06-04 17:58:03'),
(129, 22, 'inventario', 'exportar', NULL, 'Exportó la lista de inventario a Excel', '2026-06-04 18:07:56'),
(130, 22, 'inventario', 'exportar', NULL, 'Exportó la lista de inventario a Excel', '2026-06-04 18:08:24'),
(131, 22, 'inventario', 'eliminar', 1662, 'Eliminó el artículo \"escritorio\" de la habitación \"777\"', '2026-06-05 13:31:19'),
(132, 22, 'inventario', 'eliminar', 1535, 'Eliminó el artículo \"television\" de la habitación \"777\"', '2026-06-05 13:31:24'),
(133, 22, 'inventario', 'eliminar', 1363, 'Eliminó el artículo \"aire acondicionado\" de la habitación \"215\"', '2026-06-05 13:31:49'),
(134, 22, 'inventario', 'eliminar', 1470, 'Eliminó el artículo \"television\" de la habitación \"215\"', '2026-06-05 13:31:54'),
(135, 22, 'inventario', 'eliminar', 1597, 'Eliminó el artículo \"escritorio\" de la habitación \"215\"', '2026-06-05 13:32:00'),
(136, 22, 'inventario', 'eliminar', 1389, 'Eliminó el artículo \"aire acondicionado\" de la habitación \"315\"', '2026-06-05 13:32:08'),
(137, 22, 'inventario', 'eliminar', 1496, 'Eliminó el artículo \"television\" de la habitación \"315\"', '2026-06-05 13:32:16'),
(138, 22, 'inventario', 'eliminar', 1623, 'Eliminó el artículo \"escritorio\" de la habitación \"315\"', '2026-06-05 13:32:21'),
(139, 22, 'inventario', 'eliminar', 1419, 'Eliminó el artículo \"aire acondicionado\" de la habitación \"419\"', '2026-06-05 13:32:51'),
(140, 22, 'inventario', 'eliminar', 1526, 'Eliminó el artículo \"television\" de la habitación \"419\"', '2026-06-05 13:32:57'),
(141, 22, 'inventario', 'eliminar', 1653, 'Eliminó el artículo \"escritorio\" de la habitación \"419\"', '2026-06-05 13:33:02'),
(142, 22, 'inventario', 'eliminar', 1427, 'Eliminó el artículo \"aire acondicionado\" de la habitación \"427\"', '2026-06-05 13:33:23'),
(143, 22, 'inventario', 'eliminar', 1534, 'Eliminó el artículo \"television\" de la habitación \"427\"', '2026-06-05 13:33:30'),
(144, 22, 'inventario', 'eliminar', 1661, 'Eliminó el artículo \"escritorio\" de la habitación \"427\"', '2026-06-05 13:33:36'),
(145, 22, 'perfil', 'editar', 22, 'Actualizó su perfil: nombre \"Hotceh\", correo \"rotceh@gmail.com\".', '2026-06-05 14:40:06'),
(146, 22, 'perfil', 'editar', 22, 'Actualizó su perfil: nombre \"Rotceh\", correo \"rotceh@gmail.com\".', '2026-06-05 14:40:12'),
(147, 22, 'inventario', 'exportar', NULL, 'Exportó la lista de inventario a Excel', '2026-06-05 15:19:17'),
(148, 22, 'auth', 'logout', NULL, 'Cerró sesión', '2026-06-05 16:10:20'),
(149, 1, 'auth', 'login', 1, 'Inició sesión', '2026-06-05 16:12:00'),
(150, 1, 'auth', 'logout', NULL, 'Cerró sesión', '2026-06-05 16:12:23'),
(151, 1, 'auth', 'login', 1, 'Inició sesión', '2026-06-05 16:14:13'),
(152, 1, 'auth', 'logout', NULL, 'Cerró sesión', '2026-06-05 16:15:39'),
(153, 22, 'auth', 'login', 22, 'Inició sesión', '2026-06-05 16:17:13'),
(154, 22, 'auth', 'logout', NULL, 'Cerró sesión', '2026-06-05 16:26:29'),
(155, 22, 'auth', 'login', 22, 'Inició sesión', '2026-06-05 16:26:35'),
(156, 22, 'auth', 'login', 22, 'Inició sesión', '2026-06-05 17:03:09'),
(157, 22, 'auth', 'login', 22, 'Inició sesión', '2026-06-05 17:41:23'),
(158, 22, 'auth', 'login', 22, 'Inició sesión', '2026-06-05 17:42:13'),
(159, 22, 'inventario', 'exportar', NULL, 'Exportó la lista de inventario a Excel', '2026-06-05 18:26:33'),
(160, 22, 'inventario', 'exportar', NULL, 'Exportó la lista de inventario a Excel', '2026-06-05 18:26:35'),
(161, 22, 'inventario', 'exportar', NULL, 'Exportó la lista de inventario a Excel', '2026-06-05 18:26:36'),
(162, 22, 'inventario', 'exportar', NULL, 'Exportó la lista de inventario a Excel', '2026-06-05 18:26:37'),
(163, 22, 'inventario', 'exportar', NULL, 'Exportó la lista de inventario a Excel', '2026-06-05 18:26:39'),
(164, 22, 'inventario', 'exportar', NULL, 'Exportó la lista de inventario a Excel', '2026-06-05 18:26:40'),
(165, 22, 'inventario', 'exportar', NULL, 'Exportó la lista de inventario a Excel', '2026-06-05 18:26:41'),
(166, 22, 'inventario', 'exportar', NULL, 'Exportó la lista de inventario a Excel', '2026-06-05 18:26:43'),
(167, 22, 'inventario', 'exportar', NULL, 'Exportó la lista de inventario a Excel', '2026-06-05 18:26:44'),
(168, 22, 'inventario', 'exportar', NULL, 'Exportó la lista de inventario a Excel', '2026-06-05 18:26:45'),
(169, 22, 'inventario', 'exportar', NULL, 'Exportó la lista de inventario a Excel', '2026-06-05 18:26:47'),
(170, 22, 'inventario', 'exportar', NULL, 'Exportó la lista de inventario a Excel', '2026-06-05 18:26:48'),
(171, 22, 'inventario', 'exportar', NULL, 'Exportó la lista de inventario a Excel', '2026-06-05 18:26:49'),
(172, 22, 'inventario', 'exportar', NULL, 'Exportó la lista de inventario a Excel', '2026-06-05 18:26:51'),
(173, 22, 'inventario', 'exportar', NULL, 'Exportó la lista de inventario a Excel', '2026-06-05 18:26:52'),
(174, 22, 'auth', 'logout', NULL, 'Cerró sesión', '2026-06-05 19:47:08'),
(175, 22, 'auth', 'login', 22, 'Inició sesión', '2026-06-05 19:47:17'),
(176, 22, 'auth', 'logout', NULL, 'Cerró sesión', '2026-06-05 19:48:06'),
(177, 22, 'auth', 'login', 22, 'Inició sesión', '2026-06-05 19:48:23'),
(178, 22, 'inventario', 'eliminar', 1691, 'Eliminó el artículo \"capuchas\" de la habitación \"777\"', '2026-06-05 19:58:23'),
(179, 22, 'inventario', 'eliminar', 1325, 'Eliminó el artículo \"colchon\" de la habitación \"427\"', '2026-06-05 19:59:14'),
(180, 22, 'inventario', 'eliminar', 1261, 'Eliminó el artículo \"colchon\" de la habitación \"215\"', '2026-06-05 19:59:52'),
(181, 22, 'habitaciones', 'editar', 39, 'Editó la habitación \"215\"', '2026-06-08 14:08:35'),
(182, 22, 'habitaciones', 'editar', 39, 'Editó la habitación \"215\"', '2026-06-08 14:10:12'),
(183, 22, 'habitaciones', 'editar', 39, 'Editó la habitación \"215\"', '2026-06-08 14:11:31'),
(184, 22, 'habitaciones', 'editar', 39, 'Editó la habitación \"215\"', '2026-06-08 14:12:24'),
(185, 22, 'habitaciones', 'editar', 65, 'Editó la habitación \"315\"', '2026-06-08 14:16:55'),
(186, 22, 'habitaciones', 'editar', 95, 'Editó la habitación \"419\"', '2026-06-08 14:18:14'),
(187, 22, 'habitaciones', 'editar', 95, 'Editó la habitación \"419\"', '2026-06-08 14:18:34'),
(188, 22, 'habitaciones', 'editar', 95, 'Editó la habitación \"419\"', '2026-06-08 14:18:54'),
(189, 22, 'habitaciones', 'editar', 95, 'Editó la habitación \"419\"', '2026-06-08 14:20:59'),
(190, 22, 'habitaciones', 'editar', 95, 'Editó la habitación \"419\"', '2026-06-08 14:23:22'),
(191, 22, 'habitaciones', 'editar', 95, 'Editó la habitación \"419\"', '2026-06-08 14:23:45'),
(192, 22, 'habitaciones', 'editar', 39, 'Editó la habitación \"215\"', '2026-06-08 14:23:52'),
(193, 22, 'habitaciones', 'editar', 39, 'Editó la habitación \"215\"', '2026-06-08 14:24:37'),
(194, 22, 'habitaciones', 'editar', 39, 'Editó la habitación \"215\"', '2026-06-08 14:25:08'),
(195, 22, 'habitaciones', 'editar', 115, 'Editó la habitación \"777\"', '2026-06-08 14:25:26'),
(196, 22, 'habitaciones', 'editar', 103, 'Editó la habitación \"427\"', '2026-06-08 14:25:35'),
(197, 22, 'habitaciones', 'exportar', NULL, 'Exportó la lista de habitaciones a Excel', '2026-06-08 15:51:11'),
(198, 22, 'habitaciones', 'editar', 39, 'Editó la habitación \"215\"', '2026-06-08 16:10:03'),
(199, 22, 'habitaciones', 'editar', 39, 'Editó la habitación \"215\"', '2026-06-08 16:10:31'),
(200, 22, 'auth', 'logout', NULL, 'Cerró sesión', '2026-06-08 16:37:34'),
(201, 22, 'auth', 'login', 22, 'Inició sesión', '2026-06-08 16:38:11'),
(202, 22, 'auth', 'logout', NULL, 'Cerró sesión', '2026-06-08 16:39:13'),
(203, 22, 'auth', 'login', 22, 'Inició sesión', '2026-06-08 16:39:31'),
(204, 22, 'auth', 'logout', NULL, 'Cerró sesión', '2026-06-08 16:45:00'),
(205, 22, 'auth', 'login', 22, 'Inició sesión', '2026-06-08 16:45:35'),
(206, 22, 'inventario_base', 'editar', 31, 'Editó \"ganchos\" en inventario base de habitación superior: cantidad 0', '2026-06-08 16:52:39'),
(207, 22, 'auth', 'login', 22, 'Inició sesión', '2026-06-09 13:20:00'),
(208, 22, 'auth', 'logout', NULL, 'Cerró sesión', '2026-06-09 13:35:43'),
(209, 22, 'auth', 'login', 22, 'Inició sesión', '2026-06-09 13:35:49'),
(210, 22, 'auth', 'logout', NULL, 'Cerró sesión', '2026-06-09 13:36:10'),
(211, 22, 'auth', 'login', 22, 'Inició sesión', '2026-06-09 13:36:16'),
(212, 22, 'auth', 'logout', NULL, 'Cerró sesión', '2026-06-10 13:02:36'),
(213, 2, 'auth', 'login', 2, 'Inició sesión', '2026-06-10 13:03:04'),
(214, 2, 'inventario', 'exportar', NULL, 'Exportó la lista de inventario a Excel', '2026-06-10 13:26:48'),
(215, 2, 'auth', 'logout', NULL, 'Cerró sesión', '2026-06-10 13:27:38'),
(216, 22, 'auth', 'login', 22, 'Inició sesión', '2026-06-10 13:27:43'),
(217, 22, 'inventario', 'crear', 1693, 'Creó un nuevo inventario a la habitación \"777\" con el artículos \"despertador\" (cantidad: 1)', '2026-06-10 14:02:29'),
(218, 22, 'habitaciones', 'editar', 115, 'Editó la habitación \"777\"', '2026-06-10 14:06:16'),
(219, 22, 'inventario', 'editar', 14, 'Editó inventario ID 14', '2026-06-10 15:42:39'),
(220, 22, 'inventario', 'editar', 14, 'Editó inventario ID 14', '2026-06-10 15:42:55'),
(221, 22, 'auth', 'logout', NULL, 'Cerró sesión', '2026-06-10 17:18:18'),
(222, 2, 'auth', 'login', 2, 'Inició sesión', '2026-06-10 17:18:23'),
(223, 2, 'auth', 'logout', NULL, 'Cerró sesión', '2026-06-10 17:27:38'),
(224, 22, 'auth', 'login', 22, 'Inició sesión', '2026-06-10 17:27:57'),
(225, 22, 'auth', 'logout', NULL, 'Cerró sesión', '2026-06-10 17:27:59'),
(226, 22, 'auth', 'login', 22, 'Inició sesión', '2026-06-10 17:28:14'),
(227, 22, 'auth', 'logout', NULL, 'Cerró sesión', '2026-06-10 17:28:23'),
(228, 22, 'auth', 'login', 22, 'Inició sesión', '2026-06-10 17:29:02'),
(229, 22, 'auth', 'logout', NULL, 'Cerró sesión', '2026-06-10 17:29:06'),
(230, 22, 'auth', 'login', 22, 'Inició sesión', '2026-06-10 17:41:02'),
(231, 22, 'auth', 'logout', NULL, 'Cerró sesión', '2026-06-10 17:41:09'),
(232, 22, 'auth', 'login', 22, 'Inició sesión', '2026-06-10 17:41:41'),
(233, 22, 'auth', 'logout', NULL, 'Cerró sesión', '2026-06-10 17:41:46'),
(234, 22, 'auth', 'login', 22, 'Inició sesión', '2026-06-10 17:48:25'),
(235, 22, 'habitaciones', 'editar', 115, 'Editó la habitación \"777\"', '2026-06-10 17:58:24'),
(236, 22, 'auth', 'logout', NULL, 'Cerró sesión', '2026-06-10 19:03:53'),
(237, 3, 'auth', 'login', 3, 'Inició sesión', '2026-06-10 19:04:25'),
(238, 3, 'auth', 'logout', NULL, 'Cerró sesión', '2026-06-11 13:29:00'),
(239, 2, 'auth', 'login', 2, 'Inició sesión', '2026-06-11 13:29:05'),
(240, 22, 'auth', 'login', 22, 'Inició sesión', '2026-06-11 13:30:52'),
(241, 2, 'auth', 'logout', NULL, 'Cerró sesión', '2026-06-11 13:37:06'),
(242, 22, 'auth', 'login', 22, 'Inició sesión', '2026-06-11 13:37:12'),
(243, 22, 'auth', 'logout', NULL, 'Cerró sesión', '2026-06-11 13:38:14'),
(244, 22, 'auth', 'login', 22, 'Inició sesión', '2026-06-11 13:38:18'),
(245, 22, 'inventario', 'crear', 1696, 'Creó inventario en habitación \"777\" con artículo \"telefono\" (cantidad: 10)', '2026-06-11 14:02:38'),
(246, 22, 'inventario', 'editar', 1696, 'Editó inventario ID 1696', '2026-06-11 14:02:48'),
(247, 22, 'inventario', 'eliminar', 1696, 'Eliminó el artículo \"telefono\" de la habitación \"777\"', '2026-06-11 14:02:55'),
(248, 22, 'habitaciones', 'editar', 115, 'Editó la habitación \"777\"', '2026-06-11 14:15:42'),
(249, 22, 'habitaciones', 'editar', 115, 'Editó la habitación \"777\"', '2026-06-11 14:15:49'),
(250, 22, 'articulos', 'editar', 27, 'Editó el artículo \"agua\"', '2026-06-11 14:16:02'),
(251, 22, 'auth', 'logout', NULL, 'Cerró sesión', '2026-06-11 14:23:06'),
(252, 22, 'auth', 'login', 22, 'Inició sesión', '2026-06-11 14:23:20'),
(253, 22, 'habitaciones', 'editar', 115, 'Editó la habitación \"777\"', '2026-06-11 15:10:45'),
(254, 22, 'habitaciones', 'editar', 115, 'Editó la habitación \"777\"', '2026-06-11 15:10:57'),
(255, 22, 'auth', 'logout', NULL, 'Cerró sesión', '2026-06-11 15:19:40'),
(256, 22, 'auth', 'login', 22, 'Inició sesión', '2026-06-11 15:20:11'),
(257, 22, 'auth', 'login', 22, 'Inició sesión', '2026-06-11 15:24:36'),
(258, 22, 'habitaciones', 'exportar', NULL, 'Exportó la lista de habitaciones a Excel', '2026-06-11 17:30:39'),
(259, 22, 'usuarios', 'editar', 23, 'Se desactivo el usuario \"Dummy\"', '2026-06-11 20:40:59'),
(260, 22, 'usuarios', 'editar', 23, 'Se activo el usuario \"Dummy\"', '2026-06-11 20:41:18'),
(261, 22, 'auth', 'login', 22, 'Inició sesión', '2026-06-11 20:43:47'),
(262, 22, 'auth', 'logout', NULL, 'Cerró sesión', '2026-06-11 20:45:38'),
(263, 22, 'auth', 'logout', NULL, 'Cerró sesión', '2026-06-12 14:05:35'),
(264, 22, 'auth', 'login', 22, 'Inició sesión', '2026-06-12 14:05:43'),
(265, 22, 'auth', 'logout', NULL, 'Cerró sesión', '2026-06-12 14:05:57'),
(266, 3, 'auth', 'login', 3, 'Inició sesión', '2026-06-12 14:06:02'),
(267, 3, 'auth', 'logout', NULL, 'Cerró sesión', '2026-06-12 14:06:07'),
(268, 22, 'auth', 'login', 22, 'Inició sesión', '2026-06-12 14:06:11'),
(269, 22, 'auth', 'logout', NULL, 'Cerró sesión', '2026-06-12 14:06:16'),
(270, 3, 'auth', 'login', 3, 'Inició sesión', '2026-06-12 14:06:21'),
(271, 22, 'auth', 'login', 22, 'Inició sesión', '2026-06-12 15:23:52'),
(272, 22, 'auth', 'logout', NULL, 'Cerró sesión', '2026-06-12 15:23:58'),
(273, 22, 'auth', 'login', 22, 'Inició sesión', '2026-06-12 15:24:20'),
(274, 3, 'auth', 'logout', NULL, 'Cerró sesión', '2026-06-12 17:17:09'),
(275, 22, 'auth', 'login', 22, 'Inició sesión', '2026-06-12 18:31:32'),
(276, 22, 'auth', 'login', 22, 'Inició sesión', '2026-06-12 19:44:50'),
(277, 22, 'auth', 'login', 22, 'Inició sesión', '2026-06-12 20:42:51'),
(278, 22, 'auth', 'logout', NULL, 'Cerró sesión', '2026-06-15 13:52:59'),
(279, 22, 'auth', 'login', 22, 'Inició sesión', '2026-06-15 14:01:06'),
(280, 22, 'auth', 'logout', NULL, 'Cerró sesión', '2026-06-15 14:01:27'),
(281, 22, 'auth', 'login', 22, 'Inició sesión', '2026-06-15 14:01:37'),
(282, 22, 'auth', 'logout', NULL, 'Cerró sesión', '2026-06-15 14:07:37'),
(283, 22, 'auth', 'login', 22, 'Inició sesión', '2026-06-15 14:10:02'),
(284, 22, 'auth', 'logout', NULL, 'Cerró sesión', '2026-06-15 14:10:18'),
(285, 22, 'auth', 'login', 22, 'Inició sesión', '2026-06-15 14:11:26'),
(286, 22, 'auth', 'logout', NULL, 'Cerró sesión', '2026-06-15 14:11:37'),
(287, 22, 'auth', 'login', 22, 'Inició sesión', '2026-06-15 14:13:21'),
(288, 22, 'auth', 'logout', NULL, 'Cerró sesión', '2026-06-15 14:13:40'),
(289, 22, 'auth', 'login', 22, 'Inició sesión', '2026-06-15 14:13:50'),
(290, 22, 'auth', 'logout', NULL, 'Cerró sesión', '2026-06-15 14:14:19'),
(291, 22, 'auth', 'login', 22, 'Inició sesión', '2026-06-15 14:15:41'),
(292, 22, 'auth', 'logout', NULL, 'Cerró sesión', '2026-06-15 14:19:48'),
(293, 22, 'auth', 'login', 22, 'Inició sesión', '2026-06-15 14:20:25'),
(294, 22, 'auth', 'logout', NULL, 'Cerró sesión', '2026-06-15 14:22:38'),
(295, 22, 'auth', 'login', 22, 'Inició sesión', '2026-06-15 14:24:51'),
(296, 22, 'auth', 'logout', NULL, 'Cerró sesión', '2026-06-15 14:24:59'),
(297, 22, 'auth', 'login', 22, 'Inició sesión', '2026-06-15 14:35:58'),
(298, 22, 'auth', 'logout', NULL, 'Cerró sesión', '2026-06-15 14:36:02'),
(299, 22, 'auth', 'login', 22, 'Inició sesión', '2026-06-15 14:40:57'),
(300, 22, 'auth', 'logout', NULL, 'Cerró sesión', '2026-06-15 14:42:58'),
(301, 2, 'auth', 'login', 2, 'Inició sesión', '2026-06-15 16:15:11'),
(302, 2, 'auth', 'logout', NULL, 'Cerró sesión', '2026-06-15 16:18:41'),
(303, 22, 'auth', 'login', 22, 'Inició sesión', '2026-06-15 16:18:50'),
(304, 22, 'auth', 'logout', NULL, 'Cerró sesión', '2026-06-15 16:21:43'),
(305, 22, 'auth', 'login', 22, 'Inició sesión', '2026-06-15 16:22:26'),
(306, 22, 'auth', 'logout', NULL, 'Cerró sesión', '2026-06-15 16:22:47'),
(307, 22, 'auth', 'login', 22, 'Inició sesión', '2026-06-15 16:27:01'),
(308, 22, 'auth', 'logout', NULL, 'Cerró sesión', '2026-06-15 16:27:07'),
(309, 22, 'auth', 'login', 22, 'Inició sesión', '2026-06-15 16:29:17'),
(310, 22, 'auth', 'logout', NULL, 'Cerró sesión', '2026-06-15 16:29:46'),
(311, 22, 'auth', 'login', 22, 'Inició sesión', '2026-06-15 16:32:47'),
(312, 22, 'auth', 'logout', NULL, 'Cerró sesión', '2026-06-15 16:33:10'),
(313, 22, 'auth', 'login', 22, 'Inició sesión', '2026-06-15 16:33:24'),
(314, 22, 'auth', 'logout', NULL, 'Cerró sesión', '2026-06-15 16:33:29'),
(315, 22, 'auth', 'login', 22, 'Inició sesión', '2026-06-15 16:34:50'),
(316, 22, 'auth', 'logout', NULL, 'Cerró sesión', '2026-06-15 16:40:20'),
(317, 22, 'auth', 'login', 22, 'Inició sesión', '2026-06-15 16:44:16'),
(318, 22, 'auth', 'logout', NULL, 'Cerró sesión', '2026-06-15 17:51:05'),
(319, 22, 'auth', 'login', 22, 'Inició sesión', '2026-06-15 17:51:19'),
(320, 22, 'auth', 'logout', NULL, 'Cerró sesión', '2026-06-15 17:51:29'),
(321, 22, 'auth', 'login', 22, 'Inició sesión', '2026-06-15 17:51:34'),
(322, 22, 'auth', 'logout', NULL, 'Cerró sesión', '2026-06-15 17:51:41'),
(323, 22, 'auth', 'login', 22, 'Inició sesión', '2026-06-15 17:51:47'),
(324, 22, 'auth', 'login', 22, 'Inició sesión', '2026-06-15 18:06:28'),
(325, 22, 'auth', 'logout', NULL, 'Cerró sesión', '2026-06-15 18:07:40'),
(326, 3, 'auth', 'login', 3, 'Inició sesión', '2026-06-15 18:07:49'),
(327, 22, 'auth', 'logout', NULL, 'Cerró sesión', '2026-06-15 20:16:36'),
(328, 22, 'auth', 'login', 22, 'Inició sesión', '2026-06-15 20:16:58'),
(329, 22, 'auth', 'logout', NULL, 'Cerró sesión', '2026-06-15 20:17:12'),
(330, 22, 'auth', 'login', 22, 'Inició sesión', '2026-06-15 20:17:33'),
(331, 22, 'auth', 'logout', NULL, 'Cerró sesión', '2026-06-15 20:18:33'),
(332, 22, 'auth', 'login', 22, 'Inició sesión', '2026-06-15 20:24:01'),
(333, 22, 'auth', 'logout', NULL, 'Cerró sesión', '2026-06-15 20:24:09'),
(334, 22, 'auth', 'login', 22, 'Inició sesión', '2026-06-15 20:24:29'),
(335, 22, 'auth', 'logout', NULL, 'Cerró sesión', '2026-06-15 20:24:32'),
(336, 22, 'auth', 'login', 22, 'Inició sesión', '2026-06-15 20:24:36'),
(337, 22, 'auth', 'logout', NULL, 'Cerró sesión', '2026-06-15 20:24:41'),
(338, 22, 'auth', 'login', 22, 'Inició sesión', '2026-06-15 20:24:59'),
(339, 22, 'auth', 'logout', NULL, 'Cerró sesión', '2026-06-15 20:25:04'),
(340, 22, 'auth', 'login', 22, 'Inició sesión', '2026-06-15 20:26:00'),
(341, 22, 'auth', 'logout', NULL, 'Cerró sesión', '2026-06-15 20:27:27'),
(342, 22, 'auth', 'login', 22, 'Inició sesión', '2026-06-15 20:30:45'),
(343, 22, 'auth', 'logout', NULL, 'Cerró sesión', '2026-06-15 20:32:00'),
(344, 22, 'auth', 'login', 22, 'Inició sesión', '2026-06-16 13:01:12'),
(345, 22, 'auth', 'logout', NULL, 'Cerró sesión', '2026-06-16 13:01:41'),
(346, 22, 'auth', 'login', 22, 'Inició sesión', '2026-06-16 13:02:04'),
(347, 22, 'habitaciones', 'editar', 115, 'Editó la habitación \"777\"', '2026-06-16 14:51:17'),
(348, 22, 'articulos', 'editar', 29, 'Editó el artículo \"television\"', '2026-06-16 16:52:27'),
(349, 22, 'articulos', 'editar', 30, 'Editó el artículo \"escritorio\"', '2026-06-16 16:52:33'),
(350, 22, 'auth', 'logout', NULL, 'Cerró sesión', '2026-06-17 17:46:56'),
(351, 22, 'auth', 'login', 22, 'Inició sesión', '2026-06-17 17:47:21'),
(352, 22, 'auth', 'logout', NULL, 'Cerró sesión', '2026-06-18 13:21:25'),
(353, 22, 'auth', 'login', 22, 'Inició sesión', '2026-06-18 13:22:42'),
(354, 22, 'usuarios', 'editar', 2, 'Se desactivo el usuario \"Op\"', '2026-06-18 14:27:50'),
(355, 22, 'usuarios', 'editar', 2, 'Se activo el usuario \"Op\"', '2026-06-18 14:28:09'),
(356, 22, 'auth', 'logout', NULL, 'Cerró sesión', '2026-06-18 14:30:02'),
(357, 2, 'auth', 'login', 2, 'Inició sesión', '2026-06-18 14:30:23'),
(358, 2, 'auth', 'logout', NULL, 'Cerró sesión', '2026-06-18 14:32:01'),
(359, 3, 'auth', 'login', 3, 'Inició sesión', '2026-06-18 14:32:11'),
(360, 3, 'auth', 'logout', NULL, 'Cerró sesión', '2026-06-18 14:33:38'),
(361, 22, 'auth', 'login', 22, 'Inició sesión', '2026-06-18 14:33:43'),
(362, 22, 'inventario', 'exportar', NULL, 'Exportó la lista de inventario a Excel', '2026-06-18 14:39:55'),
(363, 22, 'habitaciones', 'exportar', NULL, 'Exportó la lista de habitaciones a Excel', '2026-06-18 14:40:53'),
(364, 22, 'articulos', 'exportar', NULL, 'Exportó la lista de artículos a Excel', '2026-06-18 14:41:13'),
(365, 22, 'inventario_base', 'exportar', NULL, 'Exportó la lista de inventario base a Excel', '2026-06-18 14:41:24'),
(366, 22, 'historial_codigos', 'eliminar', 14, 'Eliminó un código', '2026-06-18 15:12:37'),
(367, 22, 'historial_codigos', 'eliminar', 15, 'Eliminó una busqueda', '2026-06-19 13:41:01'),
(368, 22, 'inventario_base', 'crear', 56, 'Agregó \"burro de planchar\" (cantidad: 0) al inventario base de habitación sencilla', '2026-06-22 19:13:39'),
(369, 22, 'inventario_base', 'crear', 57, 'Agregó \"secadora\" (cantidad: 0) al inventario base de habitación doble', '2026-06-22 19:17:53'),
(370, 22, 'articulos', 'eliminar', 27, 'Eliminó el artículo \"agua\"', '2026-06-22 22:27:56'),
(371, 22, 'auth', 'logout', NULL, 'Cerró sesión', '2026-06-22 22:28:28'),
(372, 22, 'auth', 'login', 22, 'Inició sesión', '2026-06-22 22:28:35'),
(373, 22, 'auth', 'logout', NULL, 'Cerró sesión', '2026-06-22 22:28:42'),
(374, 22, 'auth', 'login', 22, 'Inició sesión', '2026-06-22 22:28:49'),
(375, 22, 'auth', 'login', 22, 'Inició sesión', '2026-06-22 22:51:57'),
(376, 22, 'auth', 'logout', NULL, 'Cerró sesión', '2026-06-22 22:53:59'),
(377, 2, 'auth', 'login', 2, 'Inició sesión', '2026-06-22 22:54:05'),
(378, 2, 'auth', 'logout', NULL, 'Cerró sesión', '2026-06-22 22:54:09'),
(379, 22, 'auth', 'login', 22, 'Inició sesión', '2026-06-22 22:54:14'),
(380, 22, 'inventario', 'exportar', NULL, 'Exportó la lista de inventario a Excel', '2026-06-22 23:05:06'),
(381, 2, 'auth', 'login', 2, 'Inició sesión', '2026-06-23 13:03:12'),
(382, 22, 'usuarios', 'editar', 23, 'Se desactivo el usuario \"Dummy\"', '2026-06-23 13:11:57'),
(383, 22, 'usuarios', 'editar', 23, 'Se activo el usuario \"Dummy\"', '2026-06-23 13:12:00'),
(384, 22, 'usuarios', 'editar', 23, 'Se desactivo el usuario \"Dummy\"', '2026-06-23 13:12:06'),
(385, 22, 'usuarios', 'editar', 23, 'Se activo el usuario \"Dummy\"', '2026-06-23 13:12:09'),
(386, 22, 'auth', 'logout', NULL, 'Cerró sesión', '2026-06-23 13:43:00'),
(387, 2, 'auth', 'login', 2, 'Inició sesión', '2026-06-23 13:43:06'),
(388, 2, 'auth', 'logout', NULL, 'Cerró sesión', '2026-06-23 13:43:09'),
(389, 22, 'auth', 'login', 22, 'Inició sesión', '2026-06-23 13:43:24'),
(390, 22, 'auth', 'logout', NULL, 'Cerró sesión', '2026-06-23 14:20:07'),
(391, 3, 'auth', 'login', 3, 'Inició sesión', '2026-06-23 14:20:15'),
(392, 3, 'auth', 'logout', NULL, 'Cerró sesión', '2026-06-23 14:21:26'),
(393, 22, 'auth', 'login', 22, 'Inició sesión', '2026-06-23 14:21:31'),
(394, 22, 'inventario', 'exportar', NULL, 'Exportó la lista de inventario a Excel', '2026-06-23 15:23:04'),
(395, 22, 'historial_codigos', 'eliminar', 17, 'Eliminó una busqueda', '2026-06-23 15:25:45'),
(396, 22, 'usuarios', 'editar', 2, 'Se desactivo el usuario \"Op\"', '2026-06-23 15:32:19'),
(397, 22, 'usuarios', 'editar', 2, 'Se activo el usuario \"Op\"', '2026-06-23 15:32:23'),
(398, 22, 'auth', 'logout', NULL, 'Cerró sesión', '2026-06-23 15:35:04'),
(399, 22, 'auth', 'login', 22, 'Inició sesión', '2026-06-23 15:35:12'),
(400, 22, 'auth', 'logout', NULL, 'Cerró sesión', '2026-06-23 16:26:25'),
(401, 3, 'auth', 'login', 3, 'Inició sesión', '2026-06-23 16:26:30'),
(402, 3, 'auth', 'logout', NULL, 'Cerró sesión', '2026-06-23 16:37:49'),
(403, 2, 'auth', 'login', 2, 'Inició sesión', '2026-06-23 16:37:53'),
(404, 2, 'habitaciones', 'exportar', NULL, 'Exportó la lista de habitaciones a Excel', '2026-06-23 16:39:52'),
(405, 22, 'auth', 'login', 22, 'Inició sesión', '2026-06-24 13:02:07'),
(406, 2, 'auth', 'logout', NULL, 'Cerró sesión', '2026-06-24 13:11:37'),
(407, 22, 'auth', 'login', 22, 'Inició sesión', '2026-06-24 13:11:46'),
(408, 22, 'habitaciones', 'eliminar', 115, 'Eliminó la habitación \"777\"', '2026-06-24 22:20:53'),
(409, 22, 'auth', 'logout', NULL, 'Cerró sesión', '2026-06-25 14:04:50'),
(410, 22, 'auth', 'login', 22, 'Inició sesión', '2026-06-25 14:05:04'),
(411, 2, 'auth', 'login', 2, 'Inició sesión', '2026-06-25 14:39:38'),
(412, 2, 'auth', 'login', 2, 'Inició sesión', '2026-06-25 14:40:46'),
(413, 2, 'auth', 'login', 2, 'Inició sesión', '2026-06-25 14:45:24'),
(414, 2, 'auth', 'login', 2, 'Inició sesión', '2026-06-25 14:46:07'),
(415, 2, 'habitaciones', 'exportar', NULL, 'Exportó la lista de habitaciones a Excel', '2026-06-25 14:54:11'),
(416, 22, 'articulos', 'crear', 31, 'Creó el artículo \"agua\"', '2026-06-25 14:57:40'),
(417, 22, 'habitaciones', 'crear', 116, 'Creó la habitación \"1000\"', '2026-06-25 14:58:19'),
(418, 22, 'inventario', 'crear', 1697, 'Creó inventario en habitación \"1000\" con artículo \"agua\" (cantidad: 2)', '2026-06-25 14:59:01'),
(419, 22, 'inventario', 'eliminar', 1697, 'Eliminó el artículo \"agua\" de la habitación \"1000\"', '2026-06-25 14:59:40'),
(420, 22, 'habitaciones', 'eliminar', 116, 'Eliminó la habitación \"1000\"', '2026-06-25 14:59:59'),
(421, 22, 'articulos', 'eliminar', 31, 'Eliminó el artículo \"agua\"', '2026-06-25 15:00:08'),
(422, 2, 'auth', 'login', 2, 'Inició sesión', '2026-06-25 15:45:59'),
(423, 22, 'auth', 'logout', NULL, 'Cerró sesión', '2026-06-25 17:10:35'),
(424, 3, 'auth', 'login', 3, 'Inició sesión', '2026-06-25 17:10:40'),
(425, 3, 'auth', 'logout', NULL, 'Cerró sesión', '2026-06-25 17:14:20'),
(426, 22, 'auth', 'login', 22, 'Inició sesión', '2026-06-25 17:14:26'),
(427, 22, 'inventario', 'exportar', NULL, 'Exportó la lista de inventario a Excel', '2026-06-25 17:19:58'),
(428, 22, 'habitaciones', 'crear', 117, 'Creó la habitación \"1000\"', '2026-06-25 18:30:51'),
(429, 22, 'habitaciones', 'editar', 117, 'Editó la habitación \"1000\"', '2026-06-25 18:31:01'),
(430, 22, 'habitaciones', 'editar', 117, 'Editó la habitación \"1000\"', '2026-06-25 18:32:41'),
(431, 22, 'inventario', 'crear', 1698, 'Creó inventario en habitación \"1000\" con artículo \"despertador\" (cantidad: 2)', '2026-06-25 18:33:01'),
(432, 22, 'inventario', 'eliminar', 1698, 'Eliminó el artículo \"despertador\" de la habitación \"1000\"', '2026-06-25 18:33:08'),
(433, 22, 'habitaciones', 'eliminar', 117, 'Eliminó la habitación \"1000\"', '2026-06-25 18:33:52'),
(434, 22, 'usuarios', 'crear', 24, 'Creó el usuario \"777\"', '2026-06-25 18:53:51'),
(435, 22, 'usuarios', 'editar', 24, 'Se desactivo el usuario \"777\"', '2026-06-25 18:53:56'),
(436, 22, 'auth', 'logout', NULL, 'Cerró sesión', '2026-06-26 13:58:45'),
(437, 22, 'auth', 'login', 22, 'Inició sesión', '2026-06-26 13:59:25'),
(438, 22, 'auth', 'logout', NULL, 'Cerró sesión', '2026-06-26 14:21:48'),
(439, 22, 'auth', 'login', 22, 'Inició sesión', '2026-06-26 14:23:07'),
(440, 22, 'auth', 'logout', NULL, 'Cerró sesión', '2026-06-26 14:23:18'),
(441, 22, 'auth', 'login', 22, 'Inició sesión', '2026-06-26 14:29:45'),
(442, 22, 'auth', 'logout', NULL, 'Cerró sesión', '2026-06-30 13:04:58'),
(443, 22, 'auth', 'login', 22, 'Inició sesión', '2026-06-30 13:05:24'),
(444, 22, 'auth', 'login', 22, 'Inició sesión', '2026-06-30 14:02:28'),
(445, 22, 'auth', 'login', 22, 'Inició sesión', '2026-06-30 14:11:42'),
(446, 22, 'habitaciones', 'exportar', NULL, 'Exportó la lista de habitaciones a Excel', '2026-06-30 14:13:55'),
(447, 22, 'habitaciones', 'crear', 118, 'Creó la habitación \"1000\"', '2026-06-30 14:14:24'),
(448, 22, 'habitaciones', 'eliminar', 118, 'Eliminó la habitación \"1000\"', '2026-06-30 14:14:39'),
(449, 22, 'articulos', 'crear', 32, 'Creó el artículo \"agua\"', '2026-06-30 14:16:24'),
(450, 22, 'articulos', 'editar', 32, 'Editó el artículo \"coca\"', '2026-06-30 14:16:51'),
(451, 22, 'articulos', 'eliminar', 32, 'Eliminó el artículo \"coca\"', '2026-06-30 14:16:59'),
(452, 22, 'auth', 'logout', NULL, 'Cerró sesión', '2026-07-06 19:31:36'),
(453, 3, 'auth', 'login', 3, 'Inició sesión', '2026-07-06 19:31:40'),
(454, 3, 'articulos', 'crear', 33, 'Creó el artículo \"agua\"', '2026-07-06 19:31:48'),
(455, 3, 'auth', 'logout', NULL, 'Cerró sesión', '2026-07-06 19:31:58'),
(456, 22, 'auth', 'login', 22, 'Inició sesión', '2026-07-06 19:32:02'),
(457, 22, 'articulos', 'eliminar', 33, 'Eliminó el artículo \"agua\"', '2026-07-06 19:32:12'),
(458, 22, 'auth', 'login', 22, 'Inició sesión', '2026-07-07 16:37:55'),
(459, 22, 'auth', 'logout', NULL, 'Cerró sesión', '2026-07-07 16:42:33'),
(460, 22, 'auth', 'login', 22, 'Inició sesión', '2026-07-07 17:57:21'),
(461, 22, 'auth', 'login', 22, 'Inició sesión', '2026-07-09 16:45:19'),
(462, 22, 'auth', 'logout', NULL, 'Cerró sesión', '2026-07-15 14:48:13'),
(463, 22, 'auth', 'login', 22, 'Inició sesión', '2026-07-15 14:50:23'),
(464, 22, 'auth', 'logout', NULL, 'Cerró sesión', '2026-07-15 14:50:37'),
(465, 22, 'auth', 'login', 22, 'Inició sesión', '2026-07-15 14:50:47'),
(466, 22, 'auth', 'logout', NULL, 'Cerró sesión', '2026-07-15 15:05:51'),
(467, 3, 'auth', 'login', 3, 'Inició sesión', '2026-07-15 15:05:55'),
(468, 3, 'auth', 'logout', NULL, 'Cerró sesión', '2026-07-15 15:12:36'),
(469, 2, 'auth', 'login', 2, 'Inició sesión', '2026-07-15 15:12:42'),
(470, 2, 'auth', 'logout', NULL, 'Cerró sesión', '2026-07-15 15:13:19'),
(471, 22, 'auth', 'login', 22, 'Inició sesión', '2026-07-15 15:13:24'),
(472, 22, 'historial_codigos', 'buscar', NULL, 'Busco el codigo HH-H103-M-001', '2026-07-15 15:43:34'),
(473, 22, 'historial_codigos', 'buscar', 1560, 'Consultó el artículo: escritorio (Código: HH-H103-M-001)', '2026-07-15 15:48:58'),
(474, 22, 'historial_codigos', 'buscar', 27, 'Consultó el artículo: caja fuerte (Código: HH-H106-EL-003)', '2026-07-15 15:50:46');

-- --------------------------------------------------------

--
-- Estructura de tabla para la tabla `usuarios`
--

CREATE TABLE `usuarios` (
  `id` int(11) NOT NULL,
  `nombre` varchar(100) NOT NULL,
  `correo` varchar(50) NOT NULL,
  `password` varchar(255) NOT NULL,
  `rol` enum('admin','supervisor','operador') NOT NULL DEFAULT 'operador',
  `creado_en` timestamp NOT NULL DEFAULT current_timestamp(),
  `activo` tinyint(1) NOT NULL DEFAULT 1,
  `ultimo_login` timestamp NULL DEFAULT NULL
) ENGINE=InnoDB DEFAULT CHARSET=utf8mb4 COLLATE=utf8mb4_general_ci;

--
-- Volcado de datos para la tabla `usuarios`
--

INSERT INTO `usuarios` (`id`, `nombre`, `correo`, `password`, `rol`, `creado_en`, `activo`, `ultimo_login`) VALUES
(1, 'Administrador General', 'admin@gmail.com', '$2y$10$WgMqHMwvm94DMtDO/1o.OOUCXcSBCNS5WlqiBe3VamuFtr9zzIXO2', 'admin', '2026-05-14 13:30:57', 1, '2026-06-05 16:14:13'),
(2, 'Op', 'ope@gmail.com', '$2y$10$mwaRIicE3Hvbx/bDq6AxmexJATqR7cv.inWTxL4iZhdhmIGu3xJGS', 'operador', '2026-05-14 13:30:57', 1, '2026-07-15 15:12:42'),
(3, 'Sup', 'sup@gmail.com', '$2y$10$sTtD6bNKpPi7.ge9.YXqT.Umz8iIJ8yEsGkAI.iOmbKiakqNq6lei', 'supervisor', '2026-05-25 14:42:29', 1, '2026-07-15 15:05:55'),
(22, 'Rotceh', 'rotceh@gmail.com', '$2y$10$pOva1/rvS7lyGAyp4KKDEerkwPX1WfoneEqt8blQiZ6hsPCwUWyNu', 'admin', '2026-05-26 19:50:30', 1, '2026-07-15 15:13:24'),
(23, 'Dummy', 'dummy@gmail.com', '$2y$10$AwMtdUTBl497Mtx8MTP4fuP3zJi1zW34F2/uKUtaP8B5Qbpf/Ky8a', 'supervisor', '2026-05-27 14:18:36', 1, '2026-06-02 20:35:28');

-- --------------------------------------------------------

--
-- Estructura Stand-in para la vista `vista_dashboard`
-- (Véase abajo para la vista actual)
--
CREATE TABLE `vista_dashboard` (
`habitacion_id` int(11)
,`numero` varchar(10)
,`tipo` varchar(50)
,`piso` int(11)
,`estado_habitacion` enum('disponible','ocupada','limpieza','mantenimiento','bloqueada')
,`total_base` decimal(32,0)
,`total_faltantes` decimal(41,0)
,`total_sobrantes` decimal(41,0)
,`estado_inventario` varchar(10)
,`articulos_faltantes` mediumtext
,`articulos_sobrantes` mediumtext
);

-- --------------------------------------------------------

--
-- Estructura Stand-in para la vista `vista_estadisticas_articulos`
-- (Véase abajo para la vista actual)
--
CREATE TABLE `vista_estadisticas_articulos` (
`articulo` varchar(100)
,`total_faltantes` decimal(41,0)
,`habitaciones_afectadas` bigint(21)
);

-- --------------------------------------------------------

--
-- Estructura Stand-in para la vista `vista_estadisticas_pisos`
-- (Véase abajo para la vista actual)
--
CREATE TABLE `vista_estadisticas_pisos` (
`piso` int(11)
,`total_habitaciones` bigint(21)
,`habitaciones_con_faltantes` decimal(22,0)
,`habitaciones_completas` decimal(22,0)
);

-- --------------------------------------------------------

--
-- Estructura Stand-in para la vista `vista_faltantes`
-- (Véase abajo para la vista actual)
--
CREATE TABLE `vista_faltantes` (
`habitacion_id` int(11)
,`numero` varchar(10)
,`tipo` varchar(50)
,`piso` int(11)
,`estado_habitacion` enum('disponible','ocupada','limpieza','mantenimiento','bloqueada')
,`articulo_id` int(11)
,`articulo` varchar(100)
,`cantidad_base` int(11)
,`cantidad_actual` int(11)
,`faltantes` bigint(12)
,`sobrantes` bigint(12)
,`estado_articulo` enum('bueno','dañado','en_reparacion','perdido')
);

-- --------------------------------------------------------

--
-- Estructura para la vista `faltantes_por_habitacion`
--
DROP TABLE IF EXISTS `faltantes_por_habitacion`;

CREATE ALGORITHM=UNDEFINED DEFINER=`root`@`localhost` SQL SECURITY DEFINER VIEW `faltantes_por_habitacion`  AS SELECT `h`.`id` AS `habitacion_id`, `h`.`numero` AS `numero`, `h`.`tipo` AS `tipo`, `a_base`.`nombre` AS `articulo`, `ib`.`cantidad` AS `cantidad_base`, ifnull(sum(`i`.`cantidad`),0) AS `cantidad_actual`, `ib`.`cantidad`- ifnull(sum(`i`.`cantidad`),0) AS `faltantes`, max(`i`.`estado`) AS `estado` FROM (((`habitaciones` `h` join `inventario_base` `ib` on(`h`.`tipo` = `ib`.`tipo_habitacion`)) join `articulos` `a_base` on(`ib`.`articulo_id` = `a_base`.`id`)) left join `inventario` `i` on(`h`.`id` = `i`.`habitacion_id` and `i`.`articulo_id` in (select `articulos`.`id` from `articulos` where `articulos`.`nombre` = `a_base`.`nombre`))) GROUP BY `h`.`id`, `h`.`numero`, `h`.`tipo`, `a_base`.`nombre`, `ib`.`cantidad` ORDER BY `h`.`numero` ASC ;

-- --------------------------------------------------------

--
-- Estructura para la vista `vista_dashboard`
--
DROP TABLE IF EXISTS `vista_dashboard`;

CREATE ALGORITHM=UNDEFINED DEFINER=`root`@`localhost` SQL SECURITY DEFINER VIEW `vista_dashboard`  AS SELECT `vf`.`habitacion_id` AS `habitacion_id`, `vf`.`numero` AS `numero`, `vf`.`tipo` AS `tipo`, `vf`.`piso` AS `piso`, `vf`.`estado_habitacion` AS `estado_habitacion`, sum(`vf`.`cantidad_base`) AS `total_base`, sum(coalesce(`vf`.`faltantes`,0)) AS `total_faltantes`, sum(coalesce(`vf`.`sobrantes`,0)) AS `total_sobrantes`, CASE WHEN sum(coalesce(`vf`.`faltantes`,0)) > 0 AND sum(coalesce(`vf`.`sobrantes`,0)) > 0 THEN 'mixto' WHEN sum(coalesce(`vf`.`faltantes`,0)) > 0 THEN 'incompleto' WHEN sum(coalesce(`vf`.`sobrantes`,0)) > 0 THEN 'sobrante' ELSE 'completo' END AS `estado_inventario`, group_concat(case when `vf`.`faltantes` > 0 then concat(`vf`.`articulo`,' (',`vf`.`faltantes`,')') end separator ', ') AS `articulos_faltantes`, group_concat(case when `vf`.`sobrantes` > 0 then concat(`vf`.`articulo`,' (',`vf`.`sobrantes`,')') end separator ', ') AS `articulos_sobrantes` FROM `vista_faltantes` AS `vf` GROUP BY `vf`.`habitacion_id`, `vf`.`numero`, `vf`.`tipo`, `vf`.`piso`, `vf`.`estado_habitacion` ;

-- --------------------------------------------------------

--
-- Estructura para la vista `vista_estadisticas_articulos`
--
DROP TABLE IF EXISTS `vista_estadisticas_articulos`;

CREATE ALGORITHM=UNDEFINED DEFINER=`root`@`localhost` SQL SECURITY DEFINER VIEW `vista_estadisticas_articulos`  AS SELECT `vista_faltantes`.`articulo` AS `articulo`, sum(`vista_faltantes`.`faltantes`) AS `total_faltantes`, count(distinct `vista_faltantes`.`habitacion_id`) AS `habitaciones_afectadas` FROM `vista_faltantes` WHERE `vista_faltantes`.`faltantes` > 0 GROUP BY `vista_faltantes`.`articulo` ORDER BY sum(`vista_faltantes`.`faltantes`) DESC ;

-- --------------------------------------------------------

--
-- Estructura para la vista `vista_estadisticas_pisos`
--
DROP TABLE IF EXISTS `vista_estadisticas_pisos`;

CREATE ALGORITHM=UNDEFINED DEFINER=`root`@`localhost` SQL SECURITY DEFINER VIEW `vista_estadisticas_pisos`  AS SELECT `vista_dashboard`.`piso` AS `piso`, count(0) AS `total_habitaciones`, sum(case when `vista_dashboard`.`total_faltantes` > 0 then 1 else 0 end) AS `habitaciones_con_faltantes`, sum(case when `vista_dashboard`.`total_faltantes` = 0 then 1 else 0 end) AS `habitaciones_completas` FROM `vista_dashboard` GROUP BY `vista_dashboard`.`piso` ;

-- --------------------------------------------------------

--
-- Estructura para la vista `vista_faltantes`
--
DROP TABLE IF EXISTS `vista_faltantes`;

CREATE ALGORITHM=UNDEFINED DEFINER=`root`@`localhost` SQL SECURITY DEFINER VIEW `vista_faltantes`  AS SELECT `h`.`id` AS `habitacion_id`, `h`.`numero` AS `numero`, `h`.`tipo` AS `tipo`, `h`.`piso` AS `piso`, `h`.`estado` AS `estado_habitacion`, `a`.`id` AS `articulo_id`, `a`.`nombre` AS `articulo`, coalesce(`ib`.`cantidad`,0) AS `cantidad_base`, coalesce(`i`.`cantidad`,0) AS `cantidad_actual`, greatest(coalesce(`ib`.`cantidad`,0) - coalesce(`i`.`cantidad`,0),0) AS `faltantes`, greatest(coalesce(`i`.`cantidad`,0) - coalesce(`ib`.`cantidad`,0),0) AS `sobrantes`, `i`.`estado` AS `estado_articulo` FROM (((`habitaciones` `h` join `inventario_base` `ib` on(`ib`.`tipo_habitacion` = `h`.`tipo`)) join `articulos` `a` on(`a`.`id` = `ib`.`articulo_id`)) left join `inventario` `i` on(`i`.`habitacion_id` = `h`.`id` and `i`.`articulo_id` = `a`.`id`)) WHERE `h`.`estado` <> 'bloqueada' ;

--
-- Índices para tablas volcadas
--

--
-- Indices de la tabla `articulos`
--
ALTER TABLE `articulos`
  ADD PRIMARY KEY (`id`),
  ADD UNIQUE KEY `unique_articulos` (`nombre`);

--
-- Indices de la tabla `habitaciones`
--
ALTER TABLE `habitaciones`
  ADD PRIMARY KEY (`id`),
  ADD UNIQUE KEY `unique_numero` (`numero`) USING BTREE,
  ADD KEY `idx_estado` (`estado`);

--
-- Indices de la tabla `historial_codigos`
--
ALTER TABLE `historial_codigos`
  ADD PRIMARY KEY (`id`),
  ADD KEY `usuario_id` (`usuario_id`),
  ADD KEY `inventario_id` (`inventario_id`);

--
-- Indices de la tabla `inventario`
--
ALTER TABLE `inventario`
  ADD PRIMARY KEY (`id`),
  ADD UNIQUE KEY `habitacion_id` (`habitacion_id`,`articulo_id`),
  ADD UNIQUE KEY `uq_habitacion_articulo` (`habitacion_id`,`articulo_id`),
  ADD KEY `articulo_id` (`articulo_id`),
  ADD KEY `idx_habitacion_articulo` (`habitacion_id`,`articulo_id`);

--
-- Indices de la tabla `inventario_base`
--
ALTER TABLE `inventario_base`
  ADD PRIMARY KEY (`id`),
  ADD UNIQUE KEY `unique_tipo_articulo` (`tipo_habitacion`,`articulo_id`),
  ADD KEY `articulo_id` (`articulo_id`),
  ADD KEY `idx_tipo_articulo` (`tipo_habitacion`,`articulo_id`);

--
-- Indices de la tabla `movimientos`
--
ALTER TABLE `movimientos`
  ADD PRIMARY KEY (`id`),
  ADD KEY `usuario_id` (`usuario_id`);

--
-- Indices de la tabla `usuarios`
--
ALTER TABLE `usuarios`
  ADD PRIMARY KEY (`id`),
  ADD UNIQUE KEY `unique_nombre` (`nombre`) USING BTREE,
  ADD UNIQUE KEY `unique_correo` (`correo`) USING BTREE;

--
-- AUTO_INCREMENT de las tablas volcadas
--

--
-- AUTO_INCREMENT de la tabla `articulos`
--
ALTER TABLE `articulos`
  MODIFY `id` int(11) NOT NULL AUTO_INCREMENT, AUTO_INCREMENT=34;

--
-- AUTO_INCREMENT de la tabla `habitaciones`
--
ALTER TABLE `habitaciones`
  MODIFY `id` int(11) NOT NULL AUTO_INCREMENT, AUTO_INCREMENT=119;

--
-- AUTO_INCREMENT de la tabla `historial_codigos`
--
ALTER TABLE `historial_codigos`
  MODIFY `id` int(11) NOT NULL AUTO_INCREMENT, AUTO_INCREMENT=30;

--
-- AUTO_INCREMENT de la tabla `inventario`
--
ALTER TABLE `inventario`
  MODIFY `id` int(11) NOT NULL AUTO_INCREMENT, AUTO_INCREMENT=1699;

--
-- AUTO_INCREMENT de la tabla `inventario_base`
--
ALTER TABLE `inventario_base`
  MODIFY `id` int(11) NOT NULL AUTO_INCREMENT, AUTO_INCREMENT=59;

--
-- AUTO_INCREMENT de la tabla `movimientos`
--
ALTER TABLE `movimientos`
  MODIFY `id` int(11) NOT NULL AUTO_INCREMENT, AUTO_INCREMENT=475;

--
-- AUTO_INCREMENT de la tabla `usuarios`
--
ALTER TABLE `usuarios`
  MODIFY `id` int(11) NOT NULL AUTO_INCREMENT, AUTO_INCREMENT=25;

--
-- Restricciones para tablas volcadas
--

--
-- Filtros para la tabla `historial_codigos`
--
ALTER TABLE `historial_codigos`
  ADD CONSTRAINT `historial_codigos_ibfk_1` FOREIGN KEY (`usuario_id`) REFERENCES `usuarios` (`id`),
  ADD CONSTRAINT `historial_codigos_ibfk_2` FOREIGN KEY (`inventario_id`) REFERENCES `inventario` (`id`);

--
-- Filtros para la tabla `inventario`
--
ALTER TABLE `inventario`
  ADD CONSTRAINT `inventario_ibfk_1` FOREIGN KEY (`habitacion_id`) REFERENCES `habitaciones` (`id`) ON DELETE CASCADE,
  ADD CONSTRAINT `inventario_ibfk_2` FOREIGN KEY (`articulo_id`) REFERENCES `articulos` (`id`) ON DELETE CASCADE;

--
-- Filtros para la tabla `inventario_base`
--
ALTER TABLE `inventario_base`
  ADD CONSTRAINT `inventario_base_ibfk_1` FOREIGN KEY (`articulo_id`) REFERENCES `articulos` (`id`) ON DELETE CASCADE ON UPDATE CASCADE;

--
-- Filtros para la tabla `movimientos`
--
ALTER TABLE `movimientos`
  ADD CONSTRAINT `movimientos_ibfk_1` FOREIGN KEY (`usuario_id`) REFERENCES `usuarios` (`id`);

DELIMITER $$
--
-- Eventos
--
CREATE DEFINER=`root`@`localhost` EVENT `limpiar_movimientos` ON SCHEDULE EVERY 1 MONTH STARTS '2026-05-29 08:22:59' ON COMPLETION NOT PRESERVE ENABLE DO DELETE FROM movimientos
WHERE fecha < DATE_SUB(NOW(), INTERVAL 3 MONTH)$$

CREATE DEFINER=`root`@`localhost` EVENT `limpiar_codigos` ON SCHEDULE EVERY 1 MONTH STARTS '2026-05-29 08:22:59' ON COMPLETION NOT PRESERVE ENABLE DO DELETE FROM historial_codigos
WHERE fecha < DATE_SUB(NOW(), INTERVAL 3 MONTH)$$

DELIMITER ;
COMMIT;

/*!40101 SET CHARACTER_SET_CLIENT=@OLD_CHARACTER_SET_CLIENT */;
/*!40101 SET CHARACTER_SET_RESULTS=@OLD_CHARACTER_SET_RESULTS */;
/*!40101 SET COLLATION_CONNECTION=@OLD_COLLATION_CONNECTION */;
